SCLC-A,SCLC-A2,SCLC-N,SCLC-P,SCLC-Y
GHRH,GRP,PPP1R17,POU2F3,ANXA1
SOX1,CALCA,NEUROD1,ANXA1,LGALS1
ISL1,CEACAM5,MYC,LRMP,MAGEA4
SHD,MS4A8,ELN,AZGP1,VIM
PTN,TMEM176A,CERKL,AVIL,IFITM3
MBNL3,MT1E,MFAP4,RGS13,YAP1
IL23A,TMEM176B,OLFM1,EHF,TPM2
TCEAL2,TSPAN8,NHLH2,PLA2G4A,MYL9
FLI1,KLK11,RBFOX3,BMX,CTSZ
DCX,KLK12,CTNND2,PLCG2,ZFP36L1
ZNF536,FAM3B,SCHIP1,CRYM,EPB41L2
PCP4,AOC1,NEUROD4,GFI1B,SEMA3C
ANO1,MT1G,TSHR,VAMP8,MICA
ILDR2,GJB1,SLC17A6,CTSZ,MME
FGD3,TSPAN1,ADCYAP1R1,MYC,TMBIM1
LCK,RET,TSPAN18,SOX9,MMP14
SLC25A48,NR0B2,NEUROD2,HOXC10,CNN2
SHISA9,SKAP1,NEUROD6,FGF13,WWTR1
ALX3,SLPI,SLC38A5,GAL,CAV1
TAGLN3,COL22A1,KCNJ3,LGALS3,AHNAK
SOX6,SCIN,HPCA,RBM47,THBS1
TCEAL5,KRT7,PLCH2,TMPRSS3,OSMR
LAT,VSTM2A,GAS2,CHRDL1,EMP3
GNG3,APOBEC3B,ANGPTL2,QPRT,MSRB3
TTC9B,SFTA3,KCNG1,ARHGEF35,S100A10
CELF5,NSG2,ZFPM2,CRIM1,GPX8
CD200,43901,SPARC,TFAP2C,IGF2BP2
EBF1,MYCL,SSTR2,CCND1,EMP1
DGKI,RAB17,ZDHHC22,MAN1A1,HLA-E
CBLN1,RAB20,NRP2,GRHL2,CCND1
PLD5,VAMP8,CNTN1,PKP3,MRC2
CLDN9,LCK,IRF8,ANXA4,RAB32
ASPDH,CASP4,CABP7,VSNL1,IGFBP3
RBP1,ADAM28,ATOH8,IGF2BP2,MAGEA9
ADRA2A,EVA1A,KCNQ2,HMGN5,IFITM2
HABP2,TMEM61,SYNDIG1,GRASP,CD40
GAD2,TNFSF10,GDAP1L1,YBX3,FBXO17
ST8SIA2,SCN3A,PDE2A,ASCL2,HMGA2
LHFPL3,HOXB6,RAMP1,ITGB5,CRIM1
NSG1,HOXB5,PAX6,DSC2,PLBD1
CALB1,SMOC2,CHRNA1,ACADSB,TNFRSF10B
SNCAIP,POF1B,MCC,DNAJC15,S100A11
NAALADL1,IFI16,SULF2,IGF2BP1,LAMB2
TTBK1,SP100,ZEB2,ARHGEF5,H2AFJ
RAB9B,TPH1,GATM,GALNT14,AJUBA
CORO2B,ACKR3,PPP1R14A,GAS7,PIEZO1
SORCS2,ELF3,CAMKV,ALOX5,TEAD2
POU3F3,AMIGO2,SMTNL2,MOCOS,TNFRSF12A
PDE1A,TMC5,SLC16A2,CTSC,STAT6
CEND1,RBM47,KANK4,TNFRSF10B,PTPN14
HIST1H4A,NELL1,CHST8,PROM2,CD44
MECOM,PLAC8,LURAP1L,REST,IGF2BP1
DRAXIN,SLFN13,PRDM8,F2R,EGFR
GRIP1,ADCYAP1,LMO1,PIP5K1B,EHD2
NKAIN2,SOX21,TMEM130,VAV1,ITGB5
BARX1,TMEM47,PDE1C,KCNQ1,ISG15
TOX3,MST1R,ITGA4,LRAT,COL6A2
SP8,CA10,ZNF423,COL9A3,APOBEC3B
RNF183,SCN2A,KCNJ4,PIK3R5,TGFB1
DCHS1,CTSS,KIAA1614,LAD1,RRAS
RGS8,SYT13,GABRB2,CDX2,EPHA2
LBH,WNT11,CNTN2,ERBB3,CTSL
ELAVL3,CRYM,ASPDH,FES,TM4SF1
ATF5,HLA-C,ELFN2,DLC1,GJA1
RASSF6,TFF3,ATP2B2,AJUBA,PDGFC
TNFAIP2,HPGD,SLC17A7,PIEZO1,TIMP1
DMRTA2,MB,S100A2,IL13RA1,RARG
PABPC4L,WFDC2,MYBPHL,HOXC11,EPHB4
NOL4,GSDMD,LOXL1,COL27A1,TRIM5
SNTG2,NR0B1,FOXO1,OLIG2,RHBDF1
TMEM240,PAH,GABBR2,EPHB3,SPHK1
DNER,FAM83E,TGFB3,KIAA1217,PSMB9
PFKFB2,GULP1,SNCB,OSMR,FSTL1
SP6,FAXDC2,ALPL,ART3,ITGA5
PVALB,IRAK3,HR,ADAMTS3,HLA-B
TMEM151B,HES1,DACH1,FOXI1,SLC2A3
GALNT8,VWA5A,PSTPIP1,TRIM58,IER3
NACAD,IL23A,NFIA,COL2A1,MYADM
DMRT2,STYK1,NAP1L3,RNF43,SYDE1
DLX1,LFNG,TBX1,CTAG1A,PLK2
BCL11B,CHRD,RXRG,PSD2,CDC42EP1
ZIC5,OR51E1,AQP3,SPATS2L,CAV2
TCERG1L,KCNQ3,SYNGR4,DSG2,BST2
GLB1L3,FOXJ1,HAND2,CNN2,SYCP2
NGF,MACC1,PCOLCE2,ESPN,CD99
POU2F2,QPCT,PHLDA1,PRRG1,CYBRD1
FNDC5,CLIC6,TCF15,NMU,NQO1
TUSC1,GPX2,MFNG,NDRG2,LATS2
DSCAML1,APOD,EDIL3,CTAG1B,LTBP1
PIPOX,SP140L,ST3GAL6,EPN3,LGALS3
DSCAM,SLC13A3,SYT6,HOXC9,PYGL
ST6GAL2,KCNQ1,ITGA7,PLCB2,PMP22
ADAMTSL2,SEC11C,SYTL4,FAM49A,CALD1
SLC38A8,BIK,FGFR2,CALD1,KDELR3
SOX11,HABP2,PRRG1,FAR2,RNF212
KIAA1211L,TRIT1,PPP2R2B,HES2,FKBP10
SPAG6,RNF183,CRABP1,ANXA3,REST
CHRM4,CACNA1A,AFF3,RGL1,PPIC
MSI1,MUCL1,OLIG1,FGFRL1,ZC4H2
44078,NPTX1,DLX3,FEZ1,FXYD5
HIST1H4C,PARVG,ADAMTS2,IER3,RAB31
RTN1,CABP4,PREX1,KIF12,COL12A1
KIRREL3,GPSM3,SCRT2,SNTB1,OLFM2
ZNF135,LCP1,SCN1B,CCSER1,BLVRB
KCNN4,PROM1,SLC47A1,SLC12A8,IFI35
MDM1,ARHGEF38,EDA,TMBIM1,EFEMP2
PHACTR1,CYBA,IGSF11,PITX2,CD70
RAB33A,SRPK3,RNF112,EPHA1,WTIP
ADCY5,ATP2C2,ADAM11,TBX1,FGFRL1
NPM2,GCNT1,OLFM2,HOXC13,STOM
ABLIM2,ESRP2,SPNS2,CDC42EP1,PLIN3
STK32A,PLXNA2,PRCD,MICA,AXL
GPR161,KLK1,NGFR,CDK6,IL1RAP
AJAP1,GOLT1A,RPRML,STAP2,ZYX
NANOS3,ZSCAN31,CDH7,FAT3,PROS1
MICALCL,TGIF2LX,GSG1L,ACSS1,CPNE8
CRIP3,PKP3,SLC6A15,MAP4K1,SP100
RHBDL3,INPP4B,JPH4,ME1,GAS2L1
KCNT2,IGFBP5,ZEB1,TMEM63A,SERPINH1
ENOX2,EPAS1,PPFIA2,KIF1C,HFE
STMND1,CADPS2,NKAIN1,TNFRSF18,HMOX1
SMAD9,LYPD1,KIRREL2,AGRN,CLU
SLC35F4,DIRAS2,TMEM132E,PGM5,NOTCH2
TMSB15A,HSH2D,HSPB8,TGIF2,RASSF8
PLEKHG1,MAN1A1,ADCY7,DTX4,DMKN
SNRPN,TMEM125,CLSTN2,HNF4G,OAF
CCBE1,NCALD,ASIC1,RGS2,ADM
COL2A1,UCN3,DPF3,CLDN10,ACTA2
MAP6,CNKSR3,PDLIM4,ETV7,FBXO27
FBN3,PRSS8,SHF,WWC2,TNFSF12
HIST1H4E,FBLN7,CCND2,GSTO2,MFGE8
HRH3,CA6,HBQ1,COLCA2,PPP1R14A
FAM57B,TRIM38,NRXN2,PTPN14,TCIRG1
ZMAT4,ANO9,LAMB1,PKNOX2,WWC2
DMTN,GPC4,SEMA6B,RSPO4,RBPMS2
SYK,FAM84A,SRPX,IFITM2,YBX3
SAMD14,KLRC3,CUX2,CAV2,RAB34
BRSK1,ST14,FHL1,OLIG1,HOXC10
ST8SIA4,PARP10,FAM78B,VIL1,APOBEC3C
FAIM2,NPPA,CLVS1,ARHGAP20,TUBB4A
ELAVL4,TIMP1,SLC7A8,HCK,SERPINB6
CAMK4,ZBTB7C,GALNT14,AK4,ETV4
ZCCHC18,DBH,RTN4RL2,SH3BGRL,GABRE
SOX4,SCNN1A,PHACTR3,NTN1,CLDN1
SYNE3,TMEM154,SLC8A2,RBM38,RHOC
GPR143,SMYD3,RGS10,FAM83B,TNFRSF10D
TAL2,SALL3,ADAP1,PRKCQ,DKK1
ANGPT2,DAPL1,CNTFR,SRXN1,RNF135
KIAA0408,CDH1,RASGRP1,MCOLN2,TAP1
NKX3-1,MUC20,SH2D3C,TEAD3,BCL2L12
AIF1L,SH2D3A,TUBB4A,KCNQ4,ANXA2
MAP1LC3A,SAT1,PHF21B,NABP1,HLA-F
MAGED4,CLDN18,EFS,SAMD5,NFKB2
DBH,FAM178B,SPOCK2,KCTD1,MICB
TUBB3,RNF186,ARHGEF3,OAF,HLA-C
B3GAT1,CNTNAP2,STAC,EFNA4,FBXO2
KCNN1,TPBG,SLC6A11,CPT1A,MYOF
ZNF253,MATN2,ASS1,KDELR3,COL5A1
MAGEL2,FMO5,ARHGDIG,DLG2,NOTCH3
HUNK,FST,CRYBG3,ST6GALNAC3,TMEM200B
RGMB,PHLDA2,TMEM59L,PDZRN3,SIRPA
DOK4,CYP4F3,ICAM5,PLD1,NID1
FRMD5,FRK,CLVS2,FKBP11,SGMS2
CMIP,RAB3B,GRIK5,HSBP1L1,KLHL5
FGF9,CD302,SLC1A2,NOTCH1,ATP8B3
PLA2G3,BDKRB1,CDH12,HOXA1,BIRC3
MAP1B,NMI,OLIG2,CMTM7,ZNF217
SRC,OAS1,SPSB4,PTPN18,AMOTL2
NREP,PARM1,ATP1A3,TPD52L1,LAMB1
TFAP2B,PIK3IP1,CA12,PIK3C2B,IGFBP4
MEGF11,PPFIBP2,TSPAN7,ARHGEF19,TRIP6
LHX2,CA8,THSD7B,EGLN3,AKR1E2
SLC10A4,CDCP1,CDH23,NOTCH2,SMAD3
SNX22,TMEM45B,SYNPO,SEMA3C,CHST3
TRIM36,HOXB4,FRMD6,SIK1,PLEKHA4
DPYSL2,TJP2,PPP1R16B,CTAGE8,MVP
CYP4X1,CHST1,CPEB1,NFATC1,ALDH1A3
CSRP2,ETS1,RCOR2,DAPK1,PCDH7
SLC36A4,TCERG1L,NCAN,YAP1,SP110
KALRN,MGAT4C,PALMD,ELMOD1,CCL2
PMAIP1,PIFO,ELMOD1,CTSH,CCDC102A
DLL4,PDGFB,GALNT5,SLC35D2,TMEM63A
FXYD6,RASD1,ARHGEF4,PCSK5,FBLN1
HIST1H4B,CLDN4,MDGA1,DUSP9,COL6A1
ZBTB20,TNFRSF14,BTBD17,CHST3,SIX5
ZNF704,KCNK1,SEMA5B,SPIB,AGRN
NNAT,HNMT,ALDH1L2,RUNX1,GADD45B
HIST1H3F,TMCO4,AFF2,MYB,TRIM7
PDZD4,LRIG1,PGF,COLGALT2,DSE
SNN,MX2,TNIK,CBS,PLAU
ARMCX1,DNAJC12,ENOX1,IL17RB,ROBO3
PDE6B,PHACTR3,EPHA8,TNFAIP2,BNC2
PARD3B,ITGA9,GALNT16,DAB2,HOXC13
DPF1,SH3RF3,CACNA2D2,SLC7A2,COL18A1
YPEL1,EMP2,HSPA12A,CPVL,IL4R
ZNF730,ARHGAP29,COLGALT2,ATXN1,FSTL3
ZNF439,IFI30,SYNPR,ATP10D,NBPF10
RTP1,CLNK,PTX3,BCL2L12,LOXL2
E2F7,LMCD1,FZD7,RUNX2,KIF1C
DENND2A,PTPRN2,CFL2,FGFR2,RNASE4
MYT1,ENPP2,BEGAIN,GSTP1,EFNA4
HIST1H2BF,SHISA2,GABRA5,RHOBTB1,EHBP1L1
KBTBD11,FAM163B,LDB3,ARHGAP18,MR1
ZNF709,APOL6,L1CAM,GNG13,CCDC80
HES6,TFCP2L1,HS3ST5,EFNA1,LRP10
WDR47,AMACR,SLA,HS3ST3B1,METTL7B
SERPINB8,RASGEF1A,EDN2,NUDT8,ERBB2
CCDC173,LTBR,CRTAC1,ESRP2,TGFBR2
EFNA2,SELENBP1,VAV3,LYN,ITGB4
ZSCAN18,PDE10A,TUBA4A,GCLC,KCNG1
FMN2,NFATC2,ST8SIA2,FBLN5,DOCK1
TMEM179,RGS7,EML6,ERVMER34-1,FNDC3B
YPEL4,VAV1,EYA2,SOSTDC1,RGS10
ARL9,LDLRAD1,EMX1,ST3GAL1,EPDR1
FAM107B,FAAH,SUSD4,IMP4,TUBB6
ISM1,RTBDN,ARHGEF6,CDCP1,COL4A1
STARD4,RASAL1,CYP2W1,AASS,BMP4
GDI1,LY96,LRRC4B,TNFRSF10D,EPAS1
PALM,TMEM173,SLC7A14,IL1RAPL2,MYO1C
MAD2L2,MT2A,RPS6KL1,HOXC4,ACSF2
CACNA1G,DENND2D,GLCE,IL1RAP,CT45A5
HIST1H3B,TMC4,CDKL1,ADAMTS1,EGFL7
ATCAY,KIAA1211L,CPNE7,SH3D19,PDLIM7
IFNLR1,PLEKHB1,SCUBE1,MYRF,EGR1
TMSB15B,PTPRH,SOCS2,BLVRB,SPRY4
ZC2HC1A,HS3ST1,RAB8B,SEMA5A,FRMD6
FRAS1,PAM,NKX2-4,SERPINB6,TNFRSF1A
GLCCI1,ACP5,FEV,DHRS2,SGK1
NDRG4,MFSD2A,TTYH2,PTGS1,PTGR1
GPRC5B,NDRG1,APOBEC2,SKAP2,CSF1
NMNAT3,CD82,NMNAT2,KIT,GALNT14
RHOBTB2,TSPAN15,EEF1A2,EPDR1,TWIST1
INO80C,ANKRD6,CAMKK1,CD79B,BAG3
ZNF177,ETS2,CACNG2,ANO7,BCL3
SERF1A,RORC,CITED1,OSR2,PAPSS2
FYN,LY75,TYRO3,PCOLCE2,DUSP6
SYT11,B3GNT8,SPEG,CHDH,PACSIN3
TCN2,ECM1,GLIPR2,FAH,TNFSF9
ZNF836,KCNS3,KCNJ12,IFITM1,GNG12
ZNF681,NIPAL2,POU3F1,SMAD3,HOMER3
RCAN1,GP2,AFAP1,SFMBT2,NABP1
ZNF491,STXBP6,KIF26A,TMEM87A,COL4A2
ZFP37,PCSK1,TNFAIP8L3,AHNAK,IL15RA
ZNF462,C2CD4B,WNT4,43892,ANXA4
AS3MT,RPH3AL,TP53I11,PAK6,PDE4A
ZNF714,FUT3,SLN,IL4R,AHNAK2
CBX2,KCTD12,CORO2B,RENBP,IKBIP
FAM13B,CR1L,RTN1,KAZN,MKX
MAP2,TSHZ2,ELAVL2,KAT2B,MMP17
GADD45G,CER1,CNNM1,EPHX4,RNF207
ASXL3,HEY1,ROR1,NBEAL2,ATXN1
MVB12B,INHBB,CPLX2,GRTP1,TEAD4
AHSG,MYCBP,PTPRU,RAB38,TRIP10
C2CD4C,SNCG,CCDC177,HOXC5,CERCAM
HIST1H1B,SMIM22,ASIC4,SLC25A43,POLD4
TUBA1A,HEPACAM2,TSPAN9,TMCO4,EVA1B
SLC4A8,CCDC178,SOX7,NPAS2,SLC12A4
PIANP,RARRES3,CLMP,NOTCH3,ACOT9
TMCC2,SLC38A11,NRG3,IL12A,ELK3
SYNM,PLS1,FAM83G,CELF2,VCL
SBK1,EPS8L2,RBM24,SUCNR1,PLEC
ZNF85,BAIAP3,DDN,ANK3,PLD1
TCF12,CNKSR1,MPV17L,ZNF69,LRRC8E
BEND5,PDLIM3,CXCL12,HMX3,PDGFA
GCNT2,BACE2,IGSF21,KLF4,HOXC8
RCBTB2,SDC4,CDHR3,FAM117A,NOG
ENHO,FBXO32,BARHL1,EVPL,PLCD3
ZNF821,PDE11A,BRINP1,TNFRSF25,PROSER2
DCLK2,IL20RA,ZNF385C,PSTPIP2,ZNF185
TSPYL4,BMP8B,LAYN,FAT1,ADAM9
NKX6-1,TMEM150C,THBS3,LZTS1,SERTAD1
CRYBB1,SLC36A4,NRN1,FBLIM1,DRAM1
ANKRD53,ENTPD2,DAND5,TNFRSF21,CRTAP
KIF5A,B3GALT5,CHRNA3,ITPR2,SCARA3
PLEKHG5,DNALI1,GPSM1,MLKL,SPATA20
MORN3,GIPC2,PRIMA1,FGFR3,PROCR
PDE9A,PLEKHH2,PRRT4,NBPF14,LMNA
PKIA,FAAH2,CHRNA4,RNASET2,TCF7L1
TIAM1,PLEKHA6,EPDR1,CNIH3,FGF2
AMOTL1,EPHA7,NFAM1,SH2D6,ASAP3
DPYSL5,COLEC11,KSR1,TC2N,RILPL2
ADAMTS16,GNA14,KIF12,RASD2,ADAMTS10
44077,CASP8,GPM6B,NDUFA4L2,GLIS3
GKAP1,PCDH20,PDE4A,CD9,BCL9L
CMPK2,FRAS1,HOXC5,FHDC1,VMP1
HIST1H1E,KCNK13,CDH11,TEAD4,TCF7L2
HIST1H4H,RPRM,SHANK1,STON1,ICAM5
MESP1,BAMBI,NRG2,RGMA,PLXDC2
APOM,PRR18,THSD7A,SAMD12,IL27RA
CCDC171,DNAH5,NTNG2,PLIN3,44084
CCDC15,KCNH6,PLIN2,LANCL3,AKAP7
MBP,FAM174A,WASF3,TNFSF9,FLNC
INSM1,MACF1,OPRK1,CPB1,MYL12A
AMER3,FAM13A,SCRT1,RAB34,CLIP4
FAM189A2,ACTL10,HLF,HLA-DMA,ANG
ZNF568,S100A14,HOXC4,HOXC12,FBN1
CETN2,MOV10L1,ZNF114,IFT172,METRNL
MYOM2,MYLIP,HPDL,HOXA3,IFIT1
ZNF124,CDH26,ANK3,SYNE4,PLA2G16
ZBTB8A,AK9,RIN1,TRIB1,FUOM
SLC1A4,CXXC4,C1QL4,STEAP2,GSTM4
ZNF254,GCNT3,GPR162,TAS1R3,RILP
ZDBF2,SAMD9,BICD1,GCNT2,CELSR1
CRISPLD2,KLRC4,TMEM63C,EPHA2,QKI
RETNLB,PLLP,BDKRB2,DDX58,IFI44
TERF2IP,PRUNE2,TSC22D3,PBXIP1,ARPC1B
ACBD7,PRR15,SLC6A3,MYO1B,CPNE7
ZNF582,USP41,ABCD2,GPRIN2,SLC25A43
SIT1,ADAMTSL2,NXPH3,PLA2G7,KCTD11
FADS1,PTPN6,CAP2,SLC29A1,HOXA1
EPHX1,DYDC2,CD248,KLHDC7A,DECR1
PIK3R3,PTH2R,GJD2,RIPK2,LTBP2
ANKEF1,EPB41L4A,HEY2,PELI2,S1PR5
CADM4,RSPH1,ADAMTS8,TNFRSF10A,ELL2
CABLES2,ANKUB1,LSAMP,LRRC8E,FAM114A1
STAG1,GRAP2,BCL11B,SPHK1,FEZ2
44079,DDO,GAB3,LAMA5,GLI1
FLT3LG,AKAP2,RAB33A,AEBP1,RAB3IL1
RND1,CTSO,SCN4B,SPINK5,S1PR3
WDR66,MPZL2,SYNGR1,ACY1,TRPM4
KLF7,PPL,RAB3A,NR3C2,SDSL
ARID4B,NPAS3,STAC2,ALDH3B2,EFEMP1
ZNF66,RASEF,PPP4R4,LIMD1,UACA
FAM89B,SGSM1,PLD6,PAQR5,HEXB
PLXNA3,HTATIP2,REC8,TAP2,PLOD1
ZNF362,LRRIQ4,IGFBPL1,OBSCN,PDLIM4
ZNF583,SH3BP4,DIAPH2,GANC,ZCCHC24
CCDC34,LIMCH1,PHLDA3,ADA,FAH
TEKT2,ILDR1,NOS1,GLUL,ATF7IP2
MIDN,44075,GPR85,PLEKHG5,HSPB1
CEP78,CLDN3,FAM131C,SLC39A8,EID3
FAM122C,IKBKE,STX1B,CGREF1,NPAS2
TFDP1,BMP8A,GABRG2,DAB1,PARVB
CACNB3,NHS,RASGRP2,EEF2K,LDLRAP1
SH3BGRL2,KCND3,CGREF1,RNF207,PRRX2
BTG3,STX19,GPR155,GUCY1A2,ETV5
SPATA33,ACSS1,PDIA2,FSBP,RBMS1
KIFAP3,MGST2,TRPS1,LONRF3,TMEM144
DBNDD1,APOL1,UNC5A,NAALAD2,RBMS3
ONECUT2,SLC37A1,IGDCC3,CERS6,SMAD6
CXADR,PRRG2,LINGO1,HOXC8,PARP3
HIST1H4K,ZBTB16,NTN3,GATA6,CYP1B1
ZNF92,DACT2,PNPLA3,LRRK1,TMEM45A
OVOL2,FOS,VWCE,CDS1,SFXN3
DCTN3,SYT1,GLI2,CNKSR1,ADAMTSL4
SOX14,OPRD1,PRODH,GPR160,ADAMTSL5
IFT27,CGNL1,SH3KBP1,CARD10,PLS3
PLAUR,SALL1,DUSP9,DOCK6,CDK6
AKAP5,ENTPD8,ARPP21,FASN,C3
FAM131A,FAM84B,CDKAL1,CMTM6,FAM20C
TEX9,JSRP1,ANKRD13B,REEP5,SLC35D2
TTC9,TBC1D8,LRRC4,SNAP23,C1S
MAPKAPK2,S100A13,PLCD3,VDR,SAMD11
ZNF620,HOXD8,ARC,KIF13A,F3
ZNF184,NKX2-1,CISH,SNX9,PRKCQ
RMI1,SYK,GRIK4,ITGB4,CTSB
MICU3,ARHGAP25,STON2,MBOAT1,OSGIN1
RUFY2,ZMPSTE24,FAM57B,MYBBP1A,NKX2-5
SP4,NINJ2,GAS2L1,COL14A1,SLC47A1
DNAJB5,FXYD2,SLC1A1,ELMO3,ANTXR1
N4BP3,IL17RE,TEAD4,FAHD2B,PCSK6
ZNF528,DLL1,BCL11A,HTR3E,TPBG
RNFT2,HOXB13,GPD1L,PCSK9,IL32
FAXC,DNAJC10,NEUROG2,SOAT1,CLCF1
AKT3,LGALS9,PAQR9,SLC22A15,CTSA
SPHK2,SAMD13,PRICKLE1,TMEM74B,MAP3K6
SEMA4D,PSMB8,TBKBP1,LMCD1,SH3KBP1
TMEM132C,PERP,BCAR1,CYP39A1,PDLIM2
FAM167B,DNAH3,MYO16,TMEM54,RHBDF2
ZNF711,LGSN,LRFN1,DPAGT1,NTN1
BMI1,CHMP4C,BATF3,ESYT3,CD68
SLC35E2B,GPRC5C,ASPHD1,ARRB1,ARID5B
PHF2,SOWAHB,WNT5B,GJB2,PCOLCE
ZNF48,MGAT4A,MAP7D3,TLCD2,EOGT
BRD3,FAM110C,ADARB1,CEACAM19,COL5A2
C2ORF15,ADARB2,CABP1,SPRY1,SNX33
IRX5,PNPLA7,COL5A1,EPS8L2,SPEF2
ZNF443,HS3ST6,EFNB2,FBXO2,CAP2
MPZ,TMEM51,LY6E,NXPH4,NQO2
NAB1,TRIM68,PTPN21,SYCP2,LAMC1
DLL3,IRS2,SH2D5,PLEKHG6,TAP2
RABIF,KRT18,FLRT1,FURIN,FZD7
FAM71E1,XYLT1,SLC18A3,ARHGAP27,RHOD
PIK3R1,CCSER2,MYT1L,LASP1,PARP14
ARNT2,EGLN3,TP73,RHBDF2,SHC1
ZFP30,SLC5A1,AHNAK2,RHOD,FOSL1
MEGF9,LRFN2,GPR153,SASH1,TFPI2
FAM102B,CSRP1,MEIS3,RGPD1,ITPRIPL2
PRIMPOL,ST18,PLTP,MOB1B,MYLK
DYRK1A,SH3BP5,ANXA6,SLC4A2,TGIF1
ZFAT,OCLN,MTA1,FAM124A,ITGAV
MARCKS,RBM38,NTRK3,TNK1,TAX1BP3
ZNF107,TMEM158,FSCN1,SEMA4A,DDAH2
TMEM107,LRP4,NME4,SYT12,AGTRAP
ODF2L,GFI1,DPF1,HSPA4L,A4GALT
CPT1C,GPR160,AANAT,ADORA2B,METRN
ASF1B,LMO7,NOB1,MYO5C,NNMT
KIAA1549,SYTL3,TRIM67,PPFIBP1,LAMA5
NAT14,TGFA,COL27A1,TOP1MT,FAT1
PHC2,COBL,TFR2,ENDOD1,TRIM16L
NPIPA5,CPM,CHST3,LYAR,HAPLN3
JAKMIP2,THEG,ANKRD33B,ELOVL6,SH3D19
ZNF189,SERPINB1,RASL11B,ELF1,LRP1
SOWAHA,NEUROG3,OSBPL6,AIFM2,HSBP1L1
ZSCAN12,ITGA3,SEC23A,LRP5,SMARCD3
ZC3H6,TGFBR3,LRTM2,ART5,NOTCH1
MDM2,PPP4R4,TSPAN5,ACOT9,FOSL2
PLEKHO1,PRRG4,RASL10B,EFR3A,RBMS2
ZNF660,TREX1,EEPD1,CASP6,SNAP23
CCP110,ETV6,DLX4,OVOL1,CMTM3
FAM92B,RGS17,PHYHIP,MET,MAP3K8
TNFRSF25,EPB41L4B,GPR26,CAT,BMP1
LRRC36,CYB5R1,SLC29A4,SOX7,LPAR3
UBL4B,LNX1,ESRRG,ACP6,LRRC6
ZNF682,GALNT7,RTN4R,RALGPS2,REEP6
LIMD2,LYPD6B,CACNA1C,RTKN,KIF13A
MLLT11,RASA3,KCNJ6,TINAGL1,GALNT4
SOCS3,PSD4,RAPGEF5,DCHS2,EVC
SNX19,BLK,AK4,KLF15,RDH10
UCP3,MBOAT1,TTC7B,COL25A1,FIBCD1
IFT52,TESK2,KREMEN1,MTA3,INPP4B
ZNF606,FAM155A,CHRNA7,IL6R,C1QL4
NFYB,SH2D4A,TRAP1,NFKB2,ITGB3
WRAP73,PHF11,PCDH8,PTPRJ,ACTN1
NFATC3,TNFRSF11B,TRIM7,ARHGEF4,ANLN
USP49,ID2,FAM13C,NBPF10,FGFR3
OPN1SW,JUN,HOXC8,PIR,BTNL9
RRAGB,KLF4,DOC2A,ANKRD33B,TTC23
FAM221A,PHGR1,DUSP26,CHAT,APOBEC3G
ZFHX3,FAM83F,TMEM177,SLC22A23,ADORA2B
JAM3,NAT1,ITPRIPL1,PLCB3,NFKBIZ
TMEM169,RXFP3,GPHN,ZNF239,RPL39L
TCF19,FAM43A,LAMC3,EEF1D,SLIT3
FADS2,CYP1A1,ABHD6,BCL9L,MARVELD1
FANCC,ARTN,ZNF804A,GID8,UBTD1
NPIPA2,TMEM30B,SHC3,RAB3IL1,SIAE
KDM2B,CAMK1D,ADAMTS1,SLC46A3,SHISA4
IQCC,INSR,EMID1,F2RL1,CD151
MECP2,ADSSL1,ABLIM3,APBA2,TPM4
ARPP19,SPTSSA,NPW,IQGAP2,ENDOD1
DYNLT3,MCOLN3,CRTAP,LAMC1,GPR157
TCTEX1D2,IL10RB,PPP2R2C,TMEM37,SUCLG2
FAM76A,WDR49,DPH1,GFOD1,TRIM59
TMEM206,SIGIRR,KCTD8,BTN3A2,CD9
DNAL4,SERINC2,DOK4,CLCF1,SLC8B1
ZNF91,ADAMTS18,PALD1,RSAD1,GBP3
ZNF275,GRIK3,RHBDL3,C2CD2,FLNA
ZNF268,FAM102A,WSCD2,FAM83H,ARHGEF17
ZNF14,GLRA3,RASIP1,AMMECR1,NBL1
CNN3,GOLGA7B,CYP7B1,ATP1A1,NAB2
MCCC1,SORBS2,MYBBP1A,NCOA3,TSPO
ZNF547,EXPH5,NUMBL,SLC5A6,COL27A1
CHSY1,GCHFR,SYT3,GALNT6,EXT1
SPIN1,ERN1,FGFR3,DYRK4,ITPR1
ARL2BP,DLL4,NFIX,ABHD14B,ITGA3
ST20,GBP3,ARHGEF25,TAF1D,COL1A1
EPC2,RIPK3,NYNRIN,SEMA3E,ORAI3
PSIP1,CNTNAP3B,FRMD4A,CLMN,BAG2
IFT81,HEATR5A,FAM124A,TES,PKN3
TAF1A,THAP4,GABRA1,EVC,CCL28
TIGD3,BTN3A2,KLHL29,PALMD,SPATS2L
UPF3B,SPINT1,APBA2,STK38,RELB
KBTBD4,PPIE,CKB,UGDH,HELZ2
ZNF43,COTL1,SOCS1,ABCC4,PPFIBP1
ACAT2,SLC25A45,NTSR1,PRDX6,LTBP3
ERCC6L2,ABLIM2,RTN4RL1,MTMR8,DLX4
KIAA1211,PRSS23,KATNB1,TPM2,SLFN5
TMPO,HRH1,BEND6,CD81,UPP1
AUTS2,TMEM159,TMEM158,PACSIN3,PLCB3
SMG9,PANX2,RHOB,ANAPC15,JOSD2
CENPH,KLHDC7A,SEZ6,FANCD2,BOK
ACTL6B,RRAGC,AFMID,SLC19A1,ALDH7A1
USP1,ACE,TNNT2,ACAT1,GALNT10
STMN1,SOX13,NTRK1,LLGL2,ERRFI1
RBM4B,LDLRAD4,SLC9A3R1,CRISPLD1,RB1
BAZ2B,PRPH2,OXA1L,B3GALNT2,LCAT
DNAH10OS,KCNJ6,CLEC11A,FCGRT,DGKA
PHF6,EPHB1,FAM155B,ECI2,SUMF1
SGCB,NAV2,HBA2,ARID3A,NTF4
R3HCC1,NUP210,NOTCH1,SMAGP,SRPX
ACYP1,MUC1,FHOD3,BHLHE41,VSIG10L
LCMT2,SLC12A7,ANKDD1A,OR2W3,CRLF1
HIST1H2AM,EFCAB14,PTGFRN,CHST6,MAN2A1
PLEKHM3,ECHDC2,OPRL1,KIAA1522,NPHP3
SLC35A5,NOD1,CCDC85B,ATF7IP2,PHLDA3
TAF9B,TEX101,SHOX2,TLN2,RIPK2
KCNRG,MBIP,BMP1,PAAF1,TMCO4
PHIP,CORO2A,XRCC3,ANLN,FAS
ACAP2,RYR2,CELF3,HAPLN3,ADAP1
SNRNP25,SYT17,SCN3B,CD70,FUCA2
ZFP1,EXO5,ARL10,SFT2D1,JDP2
LYPD6,RIMKLA,FCHO1,FMO4,BCAS4
E2F2,SLC7A11,MAGI1,SEMA3G,EDN1
MARVELD2,HYLS1,PORCN,AIG1,HOXC6
ZSCAN5A,WLS,ZHX2,CCDC102A,CD58
SHROOM3,TRIM56,FDXR,PLSCR1,IQSEC2
ZNF669,IRF9,PFKM,P2RY8,PON2
FNBP1L,ASCL1,TMOD1,ESRRA,SQSTM1
KIAA1841,POMGNT1,SSTR3,EIF5A,HERC6
ATG10,KLK14,LTBP4,ADAT2,PPP1R13L
UBE2E3,CCDC24,RHBDF2,TP53I3,CT45A6
VBP1,HOXB3,KIAA1549L,NRG4,L3HYPDH
KSR2,FRMPD2,DLG4,EML3,RPS6KA4
SPTBN2,UNC93B1,HBA1,DNPH1,FBXO6
ICA1L,ABCA12,MGAT5,SOX13,LUZP1
MARCKSL1,TLR4,ST3GAL2,ALDH2,VASN
FMR1,PRMT8,TMEFF2,IDE,CIB1
N4BP2,TJP3,EPHA5,XK,TGFBI
CDK19,SMIM10,DCAF4,PLTP,SERPINE1
CERS6,ACPP,TTLL12,SNX33,CCDC85B
RAP1B,SLC1A5,CKMT1B,ACTN1,GFPT2
HTATSF1,FRMD4B,CCNB1IP1,GNAI1,FLII
ANKRD36C,GSN,MRPS27,TBC1D2B,HOXB13
UBE2A,CCDC159,PLCL2,SEC14L2,NEDD4
TEAD1,CNTD2,FRMPD3,CLUH,ADA
CENPV,MUC12,MAP1A,SSH3,IFI27L2
MCF2L2,LRRFIP1,SLC25A6,CCNB3,CROT
RFC4,MPP1,CDH18,KRT17,BHLHE40
ZNF738,BRI3BP,CERS1,TSPAN33,MT2A
ZNF776,ELMO3,MAST3,CREG1,GSTK1
HAUS1,TRIM21,GDNF,CHPT1,SUSD5
ZNF559,PROX1,TSPO,MTHFD1L,ANGPTL4
POPDC2,TNS1,TMTC2,METTL7B,GRN
HIRIP3,EFCC1,SIX6,RBBP8NL,CT45A3
GNG4,ABCG1,KIF6,TCF15,SLC4A2
DNMT3A,KCNK3,CEP128,OXR1,LAMA1
HIST2H2AC,MTSS1,COMT,PLD6,MAT2B
CDKN2AIP,CAPS,NEIL2,LAMA2,CRAT
GABPB1,PEX5L,RIIAD1,MRGBP,SHISA5
RPGRIP1L,FRY,MRPL4,SLC35F2,ETHE1
LANCL2,SLC22A23,ABCC4,DCPS,EIF2AK4
KLHL23,USP20,IL12A,RNF2,TRADD
MYB,FANK1,HOXA11,CNNM4,MOCOS
SKA2,KRT8,BAIAP2,LPAR3,SDC4
F8A2,CPD,ADAM19,HOXA2,PAPLN
PHF10,PRSS22,RAP1GAP2,ISOC1,FGFR1
DLG3,CD99L2,FGFR4,VCL,FZD2
ASRGL1,TMEM9B,KCNK6,GCAT,C1RL
SLC44A1,RHOU,TWIST2,ANP32E,MSN
ZNF532,FABP5,ST3GAL5,SPRY2,THSD4
BMPR2,SCP2,HDDC2,TKT,TRIM21
FUZ,TAPBPL,TRMT61A,BCL2,IL6ST
PARP16,WNT16,PCCB,PLRG1,H6PD
TRIM69,NR4A2,GAMT,SLC40A1,RRBP1
DIP2C,CASZ1,PRKCE,TJP1,TAGLN
SLC25A14,NCEH1,RABEPK,ZC3H12A,FKBP14
TMEM237,GLS2,DHRS2,POLD4,ARHGAP10
ELOVL2,BTG1,CRHR1,ICAM3,MTMR11
MNX1,GMPR,DUSP14,CDC73,LIF
MROH8,GABARAPL1,CLUH,DGKA,SAMD4A
CEP170,HIP1R,SLC7A6,PARP4,DPY19L1
AP3B2,HYI,LBX1,BZW2,BCAP29
STK33,GCA,SCARB1,PCBD1,TNFAIP3
SULT4A1,SLC2A9,WDR3,EXOSC4,PLEKHO2
ZNF675,AKR7A3,LGALS7B,LZTS2,SPSB1
MAGOHB,IL15,PFAS,RREB1,CASC10
PPM1D,PPARA,LRP8,MYCN,PGAM1
ZNF304,GRIN1,SVOP,IPCEF1,SCARF2
ARL6IP1,RPS6KA1,CRLF1,KLHL17,B3GNTL1
ZNF554,LGALS8,VASH2,FXN,CFD
ZC3H12C,ADI1,RAB26,SCARF2,MAP7D3
RUFY3,TRAF3IP2,PRMT5,UNC93B1,CXCL16
IPP,HPS3,NOVA2,INPP5B,SLC22A18
ZNF484,BCR,B3GALT2,HDAC7,IGFBP7
POLA1,DPP10,TRIM9,ZNF391,CARD10
PDCL,SPAG1,KLF9,PGAP2,CAST
HSF2,CAMK2D,NEO1,SORD,GLIPR2
PITHD1,GPR6,FEZ2,USP28,APOBEC3D
AGO4,PPP1R3E,XKR7,FHL3,SNX21
PRPF3,KCNB2,KCNA3,PTGS2,TLN2
MYNN,MYO15A,CBFA2T3,RGS19,MYL12B
STXBP5L,NPTN,MXI1,SLC29A2,PRICKLE1
USP11,SMCO4,SYT2,RPS25,ERLIN1
TMEM222,KCNH7,STRADB,IKZF5,HEXIM1
H1FX,CD46,GNAO1,VEGFC,PTGES
SNX15,PLXND1,FERMT2,TRIM16,DOCK6
YOD1,ING1,CHCHD10,OAT,FYCO1
PKIG,DGCR6,BOP1,OR2A7,SOAT1
ZNF461,GSDMA,FAM98A,PRKAA2,ID3
ATRX,GBE1,ANKH,SPTBN1,OPLAH
ZNF737,CCDC33,DACT3,CCDC115,PFKFB3
RNF168,MAFF,STXBP1,GSTO1,ACAP1
ZNF417,CD164,DZIP1,SFXN2,SFT2D1
CDCA4,IFIH1,SKP2,NDC1,TLCD2
FAM111B,CD59,FSD1,LDHB,IFI6
ZNF266,FAM129B,MPP3,LYPD3,PQLC3
MIA,UBA7,FLT4,SH3BP1,MYRF
ING3,CDON,KCNA2,PDIA4,KLF2
TIFA,ICA1,HES4,MRPL45,OSTM1
KIDINS220,CBFA2T2,CHRFAM7A,FUOM,AVPI1
EPM2A,KLF11,NCS1,MAP7,LACTB
ZNF747,FOXC1,SLCO4A1,CAV1,FOXC1
ASPM,ELF1,FAM118A,CNTNAP3,RSU1
TCEAL3,INPP5B,LRP5L,HIPK3,CHST15
CCDC92,ARHGEF37,MAP4K4,MYZAP,CPT1A
HIST1H3A,AKIRIN1,HCN1,TOR3A,SASH1
ZNF273,APOL3,SCARF2,MBNL1,NAGPA
NCOA5,AIFM2,SRGAP3,CLIC5,GM2A
UNC119B,MX1,CHCHD6,SH3YL1,GHR
ZNF367,TMEM53,NDST3,RAB13,RGS19
RCN2,IGF2R,NKD1,CUL5,LTBP4
MED17,GRAMD1C,SPNS3,DDX10,LASP1
PCGF3,ELOVL1,KCNS2,C1QBP,TGFB1I1
PANX1,GREB1,SRRM4,BAZ1A,RAB13
ZNF586,43893,VRK1,TRAM2,CNTNAP1
NUSAP1,DENND1C,BCAS4,SETMAR,TMSB10
CYP20A1,ACOT11,KLHL25,ALKBH8,CTSO
TTC13,DAPK2,CHAC2,PRKCD,ACCS
ARIH1,CAP1,JUN,BLM,GSTO1
QSER1,COMTD1,TRMT1,ZMIZ1,ITGB1
SENP5,OVOL1,KCNN1,VAMP5,ICAM3
SMURF2,IFFO1,PRKX,MARVELD3,IL1R1
PET100,TRIM9,SORD,MROH6,STX4
ATP2C1,SLFN12,ZNF581,TSKU,COLGALT1
VOPP1,ATP6V0B,MRPS2,NPM3,LPCAT2
BRIP1,EFR3B,PAG1,EIF3M,TMED9
FBXO45,TNFSF15,CHD5,CSK,PPARD
SAMHD1,HOXD1,SLC2A5,GJC3,PIK3CD
ZNF672,PPP1R3D,EPHB2,CDRT4,ARHGAP31
WEE1,PLEKHG6,EML1,RPUSD3,ACSS2
ATG4D,DTX3L,EHD2,TALDO1,TRIM14
ZNF100,RHPN2,RAB11FIP4,HDLBP,MAMLD1
UBE3A,BCL2,FASN,CHORDC1,PDIA4
KLHL25,CCDC40,MAP6D1,SMOX,MICALL1
DEPDC1B,XBP1,TKT,EFTUD2,TRAM2
APBB1,LRRIQ3,GNB3,USP25,SEMA3F
CEP76,DMAP1,GRIN2D,AGPS,CEBPB
GLOD5,BSPRY,PTGIS,RGPD2,SERTAD3
NVL,CBX7,ARRB2,RHOV,PBXIP1
ZNF264,PAX9,CNTNAP1,SUMF1,CLIP1
FER,LACTB2,IMPDH1,ITGAV,SLC25A24
IPO9,METTL7A,ECHDC3,ARHGAP8,HGF
NCAPD3,RPS6KA3,RASGRF1,QARS,SLC27A1
CYFIP2,ABCA5,PTPRK,MFSD10,GATA4
GDPD3,SH3YL1,RND3,OTX1,IQGAP1
UPF3A,PRB3,PNP,FCHSD2,OPTN
PSMC3IP,PELI2,HLA-DMB,MSR1,IL13RA1
KATNBL1,MAP3K5,MTFP1,MGMT,RGS20
GNAQ,CD6,TLN2,RAB27B,SDC1
ZNF543,ITPR3,NPTXR,ELOVL3,RAB43
AVP,SLC44A2,EIF4E1B,ATF7IP,CTSV
ZNF557,VSIG10,ZSCAN2,ARL5A,PLEKHN1
RTTN,SYDE2,SCNN1B,ADAM15,IL17RC
LRP3,PTPN3,UNC13A,JAK1,SIPA1
TMCO3,CEACAM7,SORL1,PURA,EHD3
ZFX,BARX2,ACOT2,SUPT3H,MID1
HIST1H2AB,CYP4V2,EIF2B3,PRPF6,BCAR3
MANBAL,KAZALD1,PUS7,TTLL4,ATL3
AGPAT5,SLC45A4,COX4I2,FAM171A1,MAP4
SRSF3,GMDS,SACS,COMMD8,MAPKAPK3
STX2,LZTFL1,WDR18,AQP1,SPRED1
PRDX2,CASP7,ARRB1,ATAD3A,ACY1
KLF13,GCLC,FMNL2,PLEKHA7,NINJ1
ZNF548,GSAP,FKBP7,OSGIN1,NBPF14
WDR53,ARRDC1,GDF1,ERBB2,NPM1
PHACTR4,RNASEL,CCT5,DCP2,TWF2
KIF3A,CTSD,ZNF385D,ISL2,CASP7
ARL6IP6,HSD3B7,PSMB5,PCTP,FKBP9
ZBTB6,CCDC110,RNF126,PLCH1,PPM1M
EZH2,USP27X,IMP4,CHD1L,BTN2A2
KLHL7,PCED1B,SLC16A9,SQLE,CCPG1
RBBP8,ZNF396,RPL12,METAP1,TRIOBP
TMEM81,SIGLEC15,HTR6,MRPS35,GNB4
INTS7,VAV2,QRFPR,CAMTA2,RND3
UBTD2,IFIT3,CELSR2,TCF7,ITPRIP
TP53BP2,ARRDC2,INF2,TMEM102,EDEM1
HMGN2,STS,CLCN5,GSTK1,RNF213
NRROS,CD74,KPTN,PHKB,P4HA2
CEP19,KIF26B,SNX18,HIP1R,QSOX1
FEM1B,YPEL3,GPR68,ATL2,MICALL2
ATXN7L2,CDKN2D,GLIS1,EIF2AK4,EFR3A
SMC4,CYP4F11,RPLP1,CCDC43,CTNNA1
IFT46,IGFL4,ANKS1B,DHCR7,IMPDH2
ZNF10,FMN1,WNT3,PEAK1,ZNFX1
NRF1,INPP1,PALM2,EIF3B,PCTP
CSRNP2,PARP9,PDLIM1,SLC27A2,IRF9
GTF2A2,IL17RB,LZTS1,OGFRL1,ERAP1
MAEL,TMEM187,BAZ1A,LPIN3,ERF
CAMSAP1,TPD52,PTPRS,CAPN3,PTPRE
ACTL6A,ALDH5A1,KALRN,PLA2G12A,MOB3C
ZNF510,SLC26A6,DDX1,MTFP1,MRAS
THAP5,AMPD3,PRTFDC1,RILP,IDUA
DNAJC18,AFAP1L2,FJX1,XYLB,FAHD2B
TRIM24,CUEDC1,ARHGEF17,PLEKHO2,TK2
SORT1,NFYC,FGGY,TTLL12,RIN1
RANBP9,BTG2,DPH5,TMEM126B,RAB11FIP5
PNPLA8,TMEM127,FAM207A,TONSL,CUL7
ZNF426,MAFK,RPS2,GEMIN4,FOXF2
TRNAU1AP,ITGB6,RASSF2,PSTK,PLA2G15
CREB3L4,ROPN1B,SOWAHC,IARS2,GJA3
BAZ1B,ZFP69,KRT5,WDR3,WFS1
ZFP3,KIAA1257,C1QBP,HMGA2,RILPL1
ZNRF2,LY6G5C,NME1,DCUN1D5,ELOVL1
RRM1,ZP1,MPI,NIPAL1,IFIT3
ZKSCAN2,CISD3,FAM78A,TET3,KIF7
KLC2,ZNF706,HIST2H2AC,B3GNT2,WDR1
PTPRR,EFHD2,TUBB6,CYFIP1,NME4
SKA1,PTK2B,STX1A,PPM1K,ZFP36
KCNAB1,ZNF488,THSD1,AMN,EML3
ASTE1,FAM174B,RASL11A,SLC12A2,RNF217
NUDT16L1,B3GALT4,VWA8,MPHOSPH8,PHF11
TMEM116,PLA2G4C,ALDH3A2,LYPLA1,WNT10B
BCAP31,INSIG1,SOX12,SRCIN1,SH3BGRL3
ZCCHC17,ARL15,MGP,ACO1,RXRA
BCL2L1,LEPROT,PIK3R2,DGKQ,SLC35F2
MSL2,HOOK1,MYH10,FOXK1,SLC39A1
VGLL3,QSOX1,HMG20A,TMEM123,GPR176
PRKACA,FOXA1,RPL4,TMEM150A,NRBP1
UBE2T,PTP4A3,RWDD2B,RABGAP1L,STK10
UBR7,UGCG,MZT2A,EXT1,B2M
TMEM242,KCNH8,DYNC1H1,CHSY3,SNX7
FAM98B,SORL1,HK1,LRRN2,MAML2
PMCH,EVPL,MAMSTR,DNMBP,FAM214B
WDR76,CNTNAP3,SLC35E4,NAT10,RETSAT
SFT2D2,SRD5A1,GTPBP3,ABCE1,OLFML2A
THAP10,USP18,TTC5,GAL3ST4,SORBS3
ZCCHC3,PPM1H,TTC28,SWT1,TRIM56
MEX3B,SMC2,ANP32A,ZNF710,JAG1
NABP2,MPC1,IKBIP,IGDCC4,TSHZ3
TSPAN3,JAG1,NOC2L,SSPN,COL3A1
RYBP,BCL2L11,KCNQ4,THOC7,TGM2
DDX6,BCL6B,CXXC5,NPHP3,VAMP3
ZNF664,TCF24,NCOR2,GALNT4,ADAMTS1
ZNF808,MANEAL,CMTM5,CISD3,RPL26L1
HP1BP3,ANO7,CALM1,WDR11,HDAC7
PTF1A,FAM111A,ATP11C,LENG9,FERMT2
ZNF678,HPSE,AUTS2,KRT18,PRCP
DLGAP2,ARHGEF7,RIPPLY2,ORMDL1,FBLN2
MTA2,RND1,HCAR3,DMRT3,GYG1
ZNF493,PXN,MRPL52,CCDC117,CHPT1
POGK,TMEM8A,TICRR,ADH5,SYNM
ZNF71,TRIM72,TRIM65,CX3CL1,NBPF15
TCF20,HIVEP3,FAM216A,ZNF485,XYLT2
EXO1,CNOT6L,ZNF219,ZNF695,ETFB
TTI2,NUCB2,EIF2AK4,KBTBD7,CD109
MSANTD3,SCUBE2,NHEJ1,FAM20A,LZTS2
SYNJ1,TPCN1,RASA4,GPR89A,UBA7
CSNK1E,IKZF3,KDELC1,EDEM3,PDP1
ZNF736,SYCE2,CCDC136,RPUSD4,MOV10
CEP97,WNT9A,GATA2,CCDC47,TPM3
RNASEH2A,ABTB2,MAPK8IP2,RIPK4,B4GALT1
MCPH1,IL17REL,CACNA1B,AMD1,LIMS1
PRDM15,OSTF1,SARM1,DPY19L1,ENOSF1
CASP2,PTBP3,COL13A1,CCDC51,IQGAP2
TTLL10,PIAS3,CHGB,CDAN1,ABHD15
DNASE1L1,FHAD1,BDKRB1,EIF3J,MGMT
ZNF770,MAPK13,F12,SLC25A1,PTPN21
HMGB2,OR13A1,MYCBP2,PHLDB3,MSRA
ST7L,SMC1B,PODN,SH3RF1,SLC2A6
ZNF782,TMEM165,BLVRA,ENPP5,JUNB
SENP7,IRF2,PLXDC1,CGN,ANXA11
ZSWIM4,DNASE2,YDJC,ZNF577,THEMIS2
ZNF420,ODF2L,UNC119,IDH1,MBNL1
ZNF551,STK40,RPL18A,ADSS,FHOD1
ZSWIM3,ICAM1,ACAT1,MAP2K5,PLBD2
DTYMK,LPXN,NOG,TMC6,TAPBP
ZNF460,SLC16A12,WASF1,TMEM126A,AP3B1
PDIK1L,SOCS1,PQBP1,SLC2A4,LDHB
ZYG11B,DUSP10,PHKA1,MICU2,HSPG2
EFCAB2,MMP15,LDHB,RPS12,ARHGAP27
DYRK3,LITAF,GAA,FKBP5,PDCD6IP
DOLPP1,CYP4F12,TOP1MT,VTCN1,CABYR
MAP4K4,TMEM205,LAPTM5,GLB1,APLP2
PBRM1,KCNG3,OLFML2A,CDC42EP2,CGB7
GGPS1,VWC2L,VARS,SMIM1,FUT11
STIL,SFTPB,44077,ZNF106,NMB
MYEF2,TMEM80,RPL13,ZNF28,CTSD
ZNF140,AGMAT,SLC26A4,POLR1B,AMDHD1
PAFAH1B2,FAM167B,THOC3,INTS4,FADS3
SAMD1,TTC12,TBRG4,TTC38,SMAGP
RCC2,LHPP,PLXNB3,ERCC2,AIFM2
NPIPA3,VPS37C,PPAN,PDHX,FAM160B2
ZNF629,ZSWIM5,DBI,EXOSC7,CALU
H2AFX,ZNF487,PPM1F,TRPM5,ANXA5
MIS12,SHROOM3,GPLD1,ERP27,PRX
CRIPT,SHROOM1,OSBP2,NFS1,NPAS1
DCTN4,VMAC,EEF2K,ATL3,TIMP3
RBBP5,NT5DC3,LDLRAD3,GAS1,MGAT1
NGRN,GPBP1L1,EBPL,RPL19,DOCK5
ZBED4,SEMA4B,HMGA1,PARD6B,NUDT8
PDCD7,CEBPD,RDH5,ZFP36L2,PPM1J
GINS1,UBE2E1,ASAP1,SNX5,TNRC18
ZNF211,GRB7,TANC1,CALU,DUSP3
FAM129C,KCNC4,AKR1B1,FOLH1,MSH5
CTCF,SEPHS2,ATAD3B,MBTD1,FAM98A
ZSCAN16,SLC26A5,TBL3,MN1,PFN1
ZBTB18,PDLIM5,MACROD1,GALK1,MRPL41
IKZF4,MAP7,AMPD2,SCML2,CLDN23
OSBPL8,TTLL10,ARSF,KBTBD6,ANXA6
WEE2,UBE2L6,MICALL1,IMPDH2,CAPN2
SLC25A53,TNKS1BP1,TEF,CEP135,IGF1R
USP33,THBD,OTUD7A,POMP,FHL2
MCM5,TDRD7,MAP4K5,HIBCH,43892
STARD6,B4GALT6,SLC39A11,CD46,ASL
PAK2,RGS12,TRIM16L,FTCDNL1,MAP3K12
TSGA10,PDSS2,FANCF,B4GALT5,DECR2
ZNF24,BCL2L2,VPS37D,PTCD1,ALDH3B1
UHRF1BP1L,IRX3,SSBP3,ZNF563,SWAP70
TIA1,MICALL2,44083,IPO7,AMPD2
MAP3K11,DRC1,AVPR2,MAP4K5,FBXL8
DESI2,VWA7,BLMH,ELAC2,TRIM6
THYN1,PIGV,ACLY,RNPEP,AGPAT2
ZBTB39,CBX6,TRAF3,SCO1,LHFPL2
CDCA5,DDX60,KLHL26,PIGS,SLC26A2
FBXO21,LRRCC1,ZNF343,DTWD1,KLF6
FBXO5,ECE1,ACAP3,OSTF1,ST3GAL2
TCEAL6,ZNF684,MAST1,BTG1,TBXA2R
PYGO2,STX3,PRKAA2,TP53I13,MITF
MBD3,VANGL1,ASCC2,RAB4A,ITGA2
FAM50A,KIAA1671,ZRANB3,CDC42EP4,PPP1R18
PRC1,SCARB2,S100A5,ALDH18A1,IGF2BP3
SOS2,REV3L,CCDC85C,HS3ST3A1,SHCBP1
TMPRSS15,MLXIP,AMER1,ANO6,PPIB
SH2D7,CPEB3,GNB1L,ICK,NFAT5
CDC42SE2,TMPRSS2,FAM181B,AADAT,SIL1
HCFC1,PDCD6,SLC16A10,TARBP1,TLN1
MANEA,ATP7B,POLRMT,ST13,SGSH
RAB41,SNX25,EIF3L,PUS7,SEMA4B
EMD,USP40,DUSP7,ASAH1,ADTRP
HNRNPA0,TMEM87B,NOP16,NCL,TFE3
UBXN7,TXK,CDR2L,ASB13,TBC1D9B
KANSL1L,TTC6,GINS3,CLCN2,APOBEC3F
ZBTB14,CHMP4B,FGD4,PILRB,PRR7
SENP1,EMC10,DTD2,PDE3B,GBF1
ARID1A,TM9SF1,IRS1,DHX33,RUNX3
ZNF646,RABEP2,TMEM97,BMPR1B,OAS3
ARNTL2,UBXN11,CRTC3,MTMR2,PDLIM5
ERCC4,DNASE1L2,IMPDH2,UCHL3,ZC3H12A
UNG,COMMD7,SYP,NSMCE2,TMEM156
SRCAP,NFKBIZ,POLR3D,RCBTB1,PXDC1
MCM2,TMBIM6,RFPL2,CDC40,CCDC9
ZNF79,IQCD,UNC79,TSNAX,IKBKE
ZNF77,NOXA1,DDX24,MANBA,TSPAN4
TMEM39B,IMPA1,MAP3K15,KRT10,TRIM47
ABHD17B,PHF19,FAM133A,RHBDF1,BDNF
INO80D,LIPH,GALK1,CBWD1,AKAP12
CTTNBP2NL,SPINT2,EXOSC4,DHRS11,KAZALD1
WWOX,TMEM38B,CKMT1A,UFL1,SPR
PHF20L1,LAMP1,CMSS1,PFN1,SLC31A2
CLSPN,TMEM141,WNT10B,NOP14,CT45A1
ARL8A,PURB,DGCR6,CD2AP,HEBP1
ZNF473,LRBA,RXRA,TPR,PILRB
AP4E1,IFIT2,LRRC28,SLC37A4,TWSG1
USP30,P4HTM,RPS15,VASN,PRDX1
PRPF4,FRAT2,EEF2,FTCD,EBI3
TBCCD1,LENG9,ABHD15,FOXN3,PBX2
RFC5,SZT2,EIF3C,ANKRD28,DENND2C
AAGAB,WSB2,ZNF598,PMS1,EEF1D
ZNF84,EIF4E3,KIAA0513,PKN2,MERTK
RC3H2,METTL11B,PRDM6,CTTN,TP53I13
ZDHHC13,MARVELD2,MXRA7,DUSP14,SERTAD2
HNRNPUL2,TMBIM4,SLC9B2,DPH6,WDR41
PPP2CB,RPGRIP1,SLC30A3,PPM1M,SOX18
UCK1,ARL4A,NSMF,SLC35D1,PLOD3
FAM227B,TMEM59,CAD,MFSD3,TPM1
NUDT21,CCDC88C,ZNF280C,PSME4,SLC46A3
TET2,HSDL2,ZNF695,MAP4K2,LIX1L
ZBTB1,RDH14,RSL1D1,UGT3A2,ACAA1
FBXL13,ERI3,MTHFD1,TLR2,LPP
ZNF497,ALX4,COPS2,ACAA1,GALNS
ZBTB3,CCDC103,NOP2,GLRX2,CTBS
TNRC6B,HIPK3,ACOT7,SSBP1,RNH1
FOXD4,C1GALT1C1,TMEM151A,RCC1,B4GALT7
PPFIA1,MTF1,EIF2S1,SKP2,ZNF391
ZNF616,OTUD1,RCL1,EIF3A,HERC4
PPP1R8,TTC32,PWP2,CTNND1,CHST14
FANCA,CHIC2,DOK5,MRPL40,CAMK1
TPO,PSME2,PIK3CD,TATDN1,CLIC1
CAND1,NDUFAF6,HAUS7,TLR5,ORAI1
NCAPH2,UBXN10,APEX1,STK39,RPL29
ZNF416,STPG1,EIF3M,YDJC,ISYNA1
MGA,SLCO3A1,ZC3H14,DENND1B,LRRK1
GLIPR1L2,TACSTD2,PDHA1,MRPS24,KLHL17
PWWP2A,PNMA6A,PRPS1,RRAS2,PEAK1
RBMX,CENPW,UTP14A,RBM26,CAD
DYNC1I2,GCC2,CYP24A1,GRSF1,TXNRD2
BANP,HGFAC,RRP1B,LRPPRC,USP25
ATL1,SAMD12,GFOD1,TNFSF12,SLC5A6
CENPM,SPTA1,HSP90AA1,KDM4A,HYAL2
RBM48,ARMC3,NIN,SMG7,PSMA5
USP16,PSME1,CPE,TRMT1L,ZCCHC9
GABPA,CHPF,THRA,BMS1,AGA
CELF1,CTDSP2,ECSIT,LIG3,RPLP1
VPS72,CD2AP,ABHD1,RPL14,GPC1
AKAP9,ZNF792,PARP2,RNFT1,CYP2S1
ZNF764,LTF,MZT2B,RWDD3,ASAP1
CFP,CHDH,SOX18,TRIM71,TWF1
ZNF688,IFNAR1,LRCH1,CAPRIN1,PPM1F
H2AFV,PIGT,ZNF74,SNF8,DCAF6
TRIM33,CYP4B1,ASB13,ALOX12B,RBKS
KANSL3,SNX29,PIK3C2B,TRAF3,CLTB
ADNP2,YRDC,USP11,PDCD2,PLD2
NPAS4,ADAM15,BZW2,INTS3,CHST6
SEC62,SSTR1,CDH5,WDR81,ADRM1
PHF5A,SLC10A3,TUBE1,RPA1,MSX2
ZNF530,HS2ST1,MDH2,PAK1IP1,ABCC3
ADAL,ZNF511,PRRT1,HSF1,NPC1
FIGNL1,PIGM,CCSAP,VRK2,TMEM220
OAZ2,MAD1L1,TSR1,SKA3,IER5L
EID1,MEAF6,EIF2B2,JRKL,PALD1
FRS3,PRR5,ATXN7L2,ATM,ACADVL
PXMP2,DDR1,PPP1R13B,TFAM,SPRYD3
BCLAF1,FZD6,ENO1,GNL3,SDF4
TAF4,SMAP2,URB1,PDSS2,TBC1D2
HIST1H2BB,CMTM6,POLR1D,LARP1,GLB1
CD2BP2,MTHFR,ACOT1,CUL2,LIMD1
BCAS2,LYPD6,NPM3,POU6F1,MPP5
TARDBP,SUDS3,LRRK2,DLGAP2,LMAN2
AP4M1,KIAA0556,TIMM44,PDCD6IP,OSR1
DEK,AFTPH,MRPS30,TSTA3,GNG11
SRP14,DUSP28,NR2E1,ABCB9,DHX32
BRWD1,ZBTB7B,LACTB,TSR1,GLIPR1
ZBTB33,ATP6V1B1,NPR1,ERCC5,EMC1
SRSF4,CCR8,CDCA7,ZNF385D,MRGBP
HNRNPR,DHCR24,DNM1,EIF1AX,RIN3
HAUS2,CAPN9,MICAL3,CLCN3,RRAS2
UBXN4,PRKCD,PLCXD1,INO80,FCHSD1
DTD1,FBXO15,RPL37,CLPX,APOL6
KANSL2,EMC2,DDX10,CAPN13,TNIP2
METTL2A,COQ10B,MCIDAS,GSR,MAN2B2
NCOA6,MRPS15,NDUFAF2,ZMYM2,GALNT2
BBS10,RYR3,VAMP1,POU5F1B,DNPH1
ILKAP,STIM1,CCNK,VPS26A,CDR2L
DNAJC14,GPC5,NKAIN3,HIPK2,TIMP2
VEZF1,CMPK1,YPEL2,UTP6,EPS8L1
BCL7B,PYCR2,DISP2,RPF2,ECHS1
HS3ST4,SLC6A6,FAM189B,FKBP14,SCNN1D
TRAFD1,S100P,ADAMTS20,SNX14,MXRA7
ZDHHC18,QSOX2,MC4R,DNA2,PLEKHF1
BUD13,PPCS,RAI1,AARSD1,SIDT2
CKAP2L,CYB5RL,MMD,NFE2L1,RPS27A
DGCR8,HNRNPF,SLC26A10,ARPC5,SLC22A4
KIF14,LIPT2,TRABD,PSMD14,CCDC69
RTN3,B3GNT2,CLTB,TRIM17,FMNL1
ZNF527,SPTY2D1,KCNB1,COG5,PLCD1
YEATS4,TMEM234,AARSD1,MED11,GJB2
RALA,GMFG,GNAZ,EDEM1,NPM3
NR5A1,ABCD1,RNF157,MLLT6,TP53I3
MAU2,RTKN,ZBTB46,COQ3,NPEPL1
TRA2B,PBX3,TMEM120B,SLC39A4,OSBPL5
RGPD4,WDTC1,MED6,MYO1C,ULBP3
RIC8B,VAMP5,SUPT16H,WDR12,CD37
CPSF7,DNAJB13,CINP,VGLL4,SUGT1
PTS,AUH,FARSA,SLC39A10,PAQR7
SHC4,TMEM41B,DCLK3,SNRPE,GAS1
PSMC3,SNIP1,LARS,MRPS25,VDAC1
PRDM10,CHMP4A,FBL,G6PD,AOX1
MMS22L,XRRA1,WIPF1,CPSF1,LRFN1
KCNA5,DCAF11,SF3A2,TSEN2,TXNRD1
GPR149,CYB561,ABCB7,ZNHIT6,NEK3
LIN7C,RFK,RPL10,CHEK2,SLC38A2
NXF1,IQSEC1,RPL36A,MRPL20,LRFN4
BPNT1,IRAK4,DIRAS1,PBX2,RPUSD3
FEN1,KIF3B,PEPD,KLHL21,PHYH
NMBR,NACC2,GADD45GIP1,NT5DC2,ALS2CL
SUGP2,RLN1,EARS2,LRRC8B,SLC19A1
CCDC81,INPP5J,ASB2,BCS1L,NBPF9
ALS2CR12,GCLM,GPX7,CDC42BPG,LMX1B
USP48,TREM1,FAM171A1,RFX5,IRAK2
CAMK2A,SUN1,FHL3,RPS6KA4,RBPMS
APOBEC3A,ANKRD10,COL8A2,ASCC3,LACTB2
ILF3,FLNB,CD5,GAB2,UNC93B1
DNTTIP1,FAM122A,ZFYVE9,PRR13,ZYG11A
DONSON,SCRIB,PSMG1,TUBD1,BTN3A3
SUMO2,PPP1R26,VTI1B,POLR2A,SYPL1
HNRNPLL,ELF4,RAB11FIP5,GTPBP10,RGPD5
NT5DC4,ARPC5L,SLC44A5,ERLIN2,BTN3A1
MIP,MFSD6,IPO5,EPRS,LIMK1
SCAF4,ELF2,QTRT1,SH3BP2,CYFIP1
CCDC62,HECTD4,POLR1B,DOCK8,TSKU
PDCL2,TWF1,POLR3H,SMUG1,ERGIC1
SULT1E1,IFNGR2,RPL13A,NCOR1,CTDSP1
HCRTR1,LPIN1,RPL28,NCK2,COQ2
FOXD4L1,GNL2,KCNC1,UBE2V1,MPG
TRDN,CLDN12,GATAD2A,SHMT2,NFKB1
GLRA4,KIAA2013,NPM1,TARS,RMDN2
HDC,TGOLN2,AMIGO1,TGDS,PHAX
KLHL34,TMEM245,DOCK7,GBGT1,LYAR
PROP1,TMEM184B,RFX7,ZNF816,GCLM
PTH,XPC,NDUFS7,PPP2R5A,PRRT1
BHLHE23,PPP1R37,DDX49,PIK3CG,RAPGEF3
CCDC168,DMRT3,WDR43,PNN,ABCC1
SP7,FAM111B,FKBP4,CYC1,HMG20B
CXCR5,DYRK2,ST7,NDUFA10,BIRC2
ABCB5,SORBS1,PDXP,FGFR1OP,SLC26A6
SHCBP1L,HMGB3,ZMIZ1,MRPL16,ZNHIT6
CLCA4,ZMYND8,JUND,VDAC1,NOMO1
,ESRRA,FTSJ1,B3GALT6,SEC23A
,CD274,XAB2,ZNF813,IRF1
,FARP2,RNF208,PICALM,NPC2
,NMNAT1,DCLRE1B,ADAM9,MTHFD1L
,ESRP1,ATG4C,NOA1,ANKRD42
,ZDHHC12,GHRHR,DAP3,PIGZ
,CDK5RAP2,RPS4X,ANKRD17,SNX8
,CNPY4,SYNC,CCNC,MRPL35
,DPH2,LEO1,TRIM25,ACACB
,SFXN5,FBXO31,FCHSD1,NOB1
,ACSL1,KBTBD6,FOXO3,NCEH1
,DAZAP2,ATAD3A,TOR1AIP2,NDST1
,GLB1L,OTUB2,HSPA8,CLEC11A
,ALG2,LAMP5,TMEM140,SLC25A23
,PDXDC1,LSS,UVRAG,NUMBL
,FAM83H,RPL31,CDK12,KIF20A
,TFRC,KDELR1,NDUFC1,FAM129A
,TMEM178B,NUP155,GUF1,KDELC2
,RAB5B,MRPL19,ANP32A,MCCC2
,CARS2,IPO4,SNUPN,UTP15
,TPRN,OGFOD1,SRPK1,WBP1L
,CANT1,RABEP1,CAPN1,TWIST2
,PEX10,XPNPEP1,RABEP2,NDUFC1
,SPIN4,KAZN,MYO6,VASP
,PLXNB1,KLF16,FDXACB1,NUDT5
,AGFG2,HYPK,LCOR,SLC36A1
,ABHD17C,CDH15,PLAGL2,RMDN3
,IKZF2,EFTUD2,SLC25A39,SNX3
,TUFT1,XYLB,PAX1,CCNB3
,SLC17A5,DNAJC24,RPL22,RAD18
,MYLK3,MYO5A,PYCR1,DDX41
,VPS13A,IGDCC4,GYS1,SUMF2
,BAIAP2L1,KLC1,E2F3,ALG1
,RAB2A,CLNS1A,PELP1,PARD3
,SMPD2,ZNF286A,EPPK1,CRYZ
,WDSUB1,ELP4,FBXL6,SOX8
,RBM7,RASGEF1C,WDR43,NAGA
,ARAP1,ADD2,CLDN23,CDKL1
,ADCK5,PHB2,U2SURP,CKAP4
,KRT20,MRPS5,OTUD4,NOP16
,ZDHHC5,RHOQ,NMB,UROS
,SLC25A42,ANKS6,PSPC1,NCSTN
,F11R,PRAP1,KPNA5,SMYD5
,VEGFB,MXRA5,CCT3,CASP1
,SSR4,WDR74,CHCHD4,EDEM2
,HK1,GTPBP1,RPL23A,IL11RA
,RANBP3,POLD2,ARHGEF12,ABHD14B
,HECTD3,PES1,SOWAHD,CES4A
,FBXL4,ILVBL,CDC27,MITD1
,ISCU,SSBP4,CLEC4A,CCDC106
,INPP5D,UCK2,MRPS18C,PRDM5
,SLC15A3,FBXO22,LZTR1,DGKQ
,CD63,POMT2,PDZD8,FANCD2
,PDK3,PLK3,CUL4A,TEX264
,EXD3,EIF3CL,PUS7L,IPO4
,CC2D1B,SUSD2,PPRC1,POLE4
,KLF3,CRHR2,SPTLC3,HIBADH
,STX17,ZNF337,ZNF652,RER1
,MED18,CDAN1,PAX2,MATN3
,PRDM15,SH2D6,CDK14,SLC48A1
,GBA,RPS7,GOLPH3L,CYB561A3
,SLC35B2,DNAJC17,TRDMT1,NGLY1
,TMEM86A,KCNK12,ARPC4,RALB
,LRP5,RPL3,ZNRD1,ZSWIM8
,SLC44A1,GIT1,NADSYN1,IL6R
,CNTRL,DNAJC6,TAF4,TTC38
,CHIA,HECTD3,HERC4,SLC10A3
,ERMAP,GARNL3,RPSA,IMPDH1
,FBXL15,RGL1,PEX1,TMEM87B
,IGSF3,GSTZ1,MDH1,PSORS1C1
,CXCL13,SKIDA1,SLC52A3,NACC2
,FOXJ3,PPFIA3,NUS1,UXS1
,CCDC114,SH2B2,EIF4A1,CPNE2
,CLEC16A,PTRH1,ZCCHC4,AP5B1
,ZFYVE19,PEMT,STYX,RBM19
,TM2D1,DEPDC5,ADCY6,PTPN12
,IPP,DMXL2,TMEM135,DRAP1
,HSPB11,OTOGL,PPIG,PPP2R5A
,ZBTB44,FAHD2A,TCFL5,PTCD2
,OXTR,EIF3B,PARD3,PSMC2
,KRTAP5-5,ACBD5,HSPE1,ANKRD33B
,BRK1,CACNA2D4,TFPI,NME3
,ARHGAP1,YBX1,IBA57,MLKL
,KHNYN,RPL5,WDR4,PRDX6
,COX7A2,IMP3,MTA2,VAMP1
,TMPRSS13,TIMM8A,MARS2,MEMO1
,CYP2R1,SARS,PITPNB,PNPLA6
,RALGAPA2,SCAMP5,TXNDC5,ACTR2
,KAT6B,SYT12,GSTCD,ACTB
,ATP6AP2,TARSL2,TOB2,QARS
,MRPS28,PSMC1,COA6,RFX5
,PPP1R14B,WDR47,NOL11,SCARB1
,BROX,PRPSAP2,MDN1,SLC39A14
,PTAR1,NDUFAF1,MAT2A,PRELID2
,DGCR2,KDM1A,SLK,RWDD3
,CCR10,AEN,OXSM,CUL2
,TMEM181,GLP1R,SPATA13,RABAC1
,FSCN2,PPP1R9B,PPP1R9B,PPP1R9B
,NDE1,AKR1B10,RMND5A,IKBKB
,LEFTY1,CDIP1,LCP2,EXOSC7
,WDR31,NADK2,MYEOV,ZNF593
,SEC16A,RPL7A,ACSL3,DNAJC13
,ZDHHC13,RPH3A,CYCS,CHST12
,ACVR1,MPRIP,DNAJC17,CMTM6
,FOXP1,PRDM12,AP2A2,MFSD5
,OXGR1,UQCRC2,ZFAND6,DCBLD2
,ERI2,FARSB,PDSS1,SPSB2
,RHPN1,NOP58,TIAL1,IL11
,FAM177A1,PUSL1,MTX1,ZFP64
,DYNLRB2,SRGAP2,CASZ1,RUFY1
,NFKBIA,NANP,GOLGA4,EIF3A
,INIP,MMP24,UBE2E1,LIMS2
,CENPC,DEF8,ACBD4,MYH9
,PHEX,SNAPC4,PGM2,HDDC2
,FOSB,SLC16A1,KTN1,TNFRSF1B
,NRARP,PIGL,ATIC,RNF215
,MFSD1,SPATC1L,DUS4L,PACS1
,WWP1,GART,NOL9,PFDN4
,CBLN3,FAT4,SLC16A1,JAK3
,TMEM106C,LDB1,MTBP,ANKRD29
,RPTOR,RPUSD2,MRPL21,PPRC1
,VWA3B,DKC1,AQR,XPC
,COX6C,HOXA13,ZC3H11A,DCTN1
,SERPINA1,CHERP,CSE1L,SPON2
,HSBP1,CARM1,JUP,FAM83G
,NIPAL3,CARD9,NELFCD,DZIP1L
,POLR2K,CPLX3,MRM1,ECI2
,ATF6B,ZNF593,GTF3C3,DAG1
,NDUFS5,PMPCA,ALKBH5,KLHDC8B
,FRAT1,DNAH17,SPATA5,ACTR3
,WWC1,RTCB,IBTK,RPL4
,NEK8,TIMM9,ERMARD,PITPNM1
,TMEM217,BID,ZBTB42,YTHDC2
,GNAQ,KIF1B,ISYNA1,USO1
,CRTC1,KLHL15,ZNF296,TMOD3
,ALG6,TAF1B,TMEM168,DHRS4
,AP1G2,RPL18,DDX59,OAT
,LCA5L,GMPR2,RNF149,SNUPN
,SYNGR2,UBA1,LRP6,SYDE2
,OTP,EVL,SDHB,APLF
,ARHGAP5,HCAR2,EIF5B,MFSD10
,SH3GLB1,E2F1,FBXL4,LY6E
,MED27,SCG3,DICER1,PXN
,BAZ2B,DUS2,MRPL1,PRKCE
,FBXO48,ARMCX5,MTO1,SGMS1
,STXBP2,ALDH18A1,NDUFAF1,NBN
,SULT1C2,CALML4,COG2,UEVLD
,GPR107,NMB,SEC23IP,DOLK
,SMIM12,DZIP1L,ZFHX3,EIF5A
,POLR3GL,EIF5,CDV3,FAM114A2
,SAPCD2,ADSL,PPA1,NPIPB4
,PMM2,EIF3J,TOP1,SEC11A
,CSTF2T,PLEKHO2,RPL23,PGM3
,CNST,GEMIN5,HSF2BP,GOLIM4
,MSMO1,UBA52,TMEM216,TES
,RIMS2,MUSTN1,HMGB1,GAS7
,PHLDB1,LRPPRC,MRPS14,SLC30A4
,UEVLD,HSD17B10,THUMPD3,KIF23
,FAM120AOS,DESI1,WT1,PSMD2
,DBNDD2,MRPS31,POTEF,RGS5
,LPGAT1,WDR12,PSMD11,NPIPB5
,TMEM109,MARK3,LRRC59,TMEM214
,ACTR3C,SLIRP,SNX32,ATP6V0E1
,SLC9A1,DAGLA,KAT2A,TMEM43
,TMC8,MRPS22,STRAP,SLMAP
,ZBTB7A,FREM1,TPMT,CDC42EP5
,FPGT,ZNRF3,NUP133,NDUFAF2
,TMED4,DHX33,DDX52,MCFD2
,CREBL2,MRPL40,ZNF697,PKD2
,NCKIPSD,HPRT1,TMED2,DYRK4
,CDC42BPG,CAPN15,FASTKD1,SNAPC1
,PDIK1L,LIMS2,LEO1,EIF3D
,ACSF3,SNRPB2,SCYL1,FAM45A
,ZER1,NAT10,CCDC69,RBM28
,ERLEC1,TOP3A,CRELD1,NT5E
,FBXO33,PAPSS1,MFHAS1,VRK2
,ATXN7L3B,CTNNBL1,DIXDC1,MAN2A2
,RNF141,ST6GALNAC6,PTPMT1,ACVR1
,LAMTOR3,EIF3I,ACACA,CSPG4
,ARFIP2,PIF1,RIOK1,TJP1
,TEX2,TSPAN33,DLAT,TNNC1
,ANAPC16,SUPT6H,CNP,NOMO2
,XIAP,CLN6,PRKAR2A,NFKBID
,FKBP2,HSPD1,EIF2A,GNG5
,AKR1A1,RRM2,ZBTB2,MKNK1
,DYNLT1,SNRPA,EEF1A1,GNAI3
,STAP1,USP3,CTR9,PSMA4
,MFSD9,EIF3G,PDGFRA,EIF3B
,TMX1,MRPL36,ANO10,PLAT
,PDE6A,BEX1,PFDN1,EIF3J
,CBWD6,STAT5B,CCAR1,PRR16
,NEU1,GPATCH4,ECHDC1,ACOT7
,ATRAID,EPN2,MMAA,TOB2
,IQCE,SLC35B4,TPCN2,CCNB1
,TRAPPC9,KNSTRN,SPAG7,DIMT1
,PRKAB1,HRASLS2,HARS2,SCYL1
,SFTPD,RBFOX2,NT5C3B,JAK1
,43896,RPL36,SEC24B,FADD
,RTN4IP1,ADAL,UBTF,PRR13
,PDE3B,XPO6,GATAD2A,NDEL1
,GPR50,COX19,GLIS3,RIMKLB
,MAP10,RPS19,AIMP1,CCT6A
,SIK2,BRS3,NAA25,RAB24
,ITIH4,SETD3,PCBP1,DNAJC2
,TMEM186,AVPI1,LUC7L3,TYMP
,RAP2A,PDK2,STIP1,NEXN
,AKIP1,RPL11,HMBS,MN1
,TBC1D13,RPL22,MAPK6,FASTK
,RNPEPL1,UBE2G2,CEP350,UGGT2
,TRIM44,NGDN,PLEKHB2,FBXW5
,GOLGA2,L2HGDH,PDCD2L,FER
,ORMDL3,ARMCX4,HEATR5B,TYRO3
,BTBD10,COPS3,MRPL23,FAM160B1
,ZDHHC9,RPS10,PTPRE,NXNL2
,CDCA8,MPST,SLMAP,DYNC2H1
,NT5C1B,SIAH2,NSUN7,SMURF1
,ACADM,DCXR,VDAC2,NFS1
,SLC52A2,MAB21L1,SMYD4,CTDSPL
,MIS18BP1,BTBD1,TMEM229A,GLRX2
,BCOR,MAPK8IP3,USP53,SNX17
,TOR1A,PSMF1,TRPM7,CHSY1
,RNF34,GEMIN4,ETNPPL,PRELID1
,HSP90B1,PFDN4,CAPN7,SYNC
,PRICKLE3,SP9,YBX1,MORF4L1
,GANAB,MIPOL1,NFXL1,DNAJC17
,TXNDC12,ATIC,PPP6R3,PLCG2
,KBTBD2,MTFMT,CCT2,TTC1
,CHID1,CHD9,RGS21,USP32
,PCYOX1,WFIKKN2,DDX6,CHST2
,CRISP3,RNF113A,VPS37B,NEO1
,TAS2R14,DBP,CCDC6,FBXO22
,SURF4,RPS29,NDUFA4,IPO11
,IGSF5,CACNB1,MDC1,LZTR1
,PAMR1,LRMP,SPG11,ACTRT3
,HPN,RPS21,MRPL27,KIN
,GHDC,GEMIN2,DNAH14,UBE2Q2
,B3GNT3,NRDE2,TRAF4,CDK7
,FPGS,MAK16,PEX3,RPS18
,HDAC11,AMN,TOR1AIP1,FLNB
,CYB561D1,RTN2,RPL27A,TEP1
,UBXN4,RPL19,RAF1,TMED3
,TRAF1,EIF3D,OSGEPL1,CDC14A
,ROM1,44082,FAM98B,PDCD11
,ARL1,PELP1,FAN1,ADPGK
,ANKRD22,PHB,ZNF649,TYSND1
,SCMH1,MTMR4,U2AF1,EHD4
,SCOC,HGS,DBNDD2,BNIP2
,UGP2,AUNIP,PDXK,EXT2
,TNFRSF10C,ALKBH1,SERBP1,TNIP1
,LDLR,RGS19,TAMM41,FUCA1
,NAIF1,TBC1D25,NME6,SLC39A13
,KNTC1,GTPBP4,GDPGP1,HCFC1R1
,TCEANC2,RUVBL2,ATXN7L3,TNKS1BP1
,KEAP1,PSD2,CUTC,FTSJ3
,PTS,SSH2,ARL8B,STYX
,IPCEF1,RANBP1,ATF6B,TCTN3
,BLOC1S1,RBM28,PABPN1,SAPCD1
,MLC1,GNE,BRINP3,REEP4
,PAFAH2,SIVA1,CARM1,WDR81
,DOCK9,TRIO,GAK,CDC123
,TLR3,RPS9,MRPS10,LARP6
,FRMD8,DROSHA,RAD18,SPG7
,RBBP8NL,RPL23,TMEM170A,CDAN1
,CHRAC1,WDR89,SMTN,RBM17
,TMEM219,DHX29,SETDB1,OTX1
,TRAPPC3,XPO5,STT3A,COL7A1
,NAA40,EEF1G,TNFSF4,CEP55
,UBAC1,CSNK1E,RNF14,UBLCP1
,ACYP2,ANGEL1,CCDC61,RNF181
,SPTLC1,RARA,LATS1,DNAJC1
,BSDC1,ATP13A1,WDR74,FCHO2
,ADHFE1,CASK,NUMB,SAR1B
,ATP6V1G1,GID4,IRS4,IDE
,TBK1,CSNK2A1,IPMK,FOSB
,B4GALT2,ZNF622,PRRC1,ADH5
,UFL1,MRPL12,UGP2,TPRG1
,UBD,PRR3,OMG,PLRG1
,SWI5,GSPT1,SNX2,MEF2D
,ESYT2,POLG2,NCOA4,PAOX
,GCSAM,AHCY,PABPC1,PSMD12
,MMAB,TMEM11,SSSCA1,ANKRD34A
,PARS2,GOLGA8H,CCDC58,LAP3
,DOCK8,CARD11,THUMPD2,DDOST
,PRSS36,ABCC9,ALDH3A1,MRPS5
,SLC11A2,BYSL,SOD1,NIT2
,BRMS1L,EIF4A1,CSTF1,TMC7
,TOE1,METTL8,DAGLB,NGEF
,FAM81B,RPL38,SLTM,MMS19
,ITGB7,RPAP1,DNAJC7,TPCN2
,HS3ST2,ZNF333,PPP4R2,MFAP3L
,RNF148,PRR11,BUB1B,GIT2
,ZNF672,HPS4,ADCK5,YARS2
,DPY19L4,RUVBL1,NUP43,TTC27
,SPCS3,ANAPC1,RNF115,SPOCD1
,MVK,TG,UBA6,GALK1
,LAMP2,MED12,44076,ECH1
,TDRD12,FBXO44,EIF5,SLC7A7
,SVOPL,LRFN4,NUDT19,ANO6
,PLEKHA7,TNRC6C,CHMP2B,PHYKPL
,PLA2G4D,DNAJC18,SSR1,FGD6
,EI24,SF3A1,GGA2,TRIP4
,UNKL,AATF,SUOX,NUCB1
,PIGU,TMEM132A,NUP54,MAN2C1
,GRAP,AGAP3,THRAP3,ADAM15
,LRP11,RPL23A,MED1,SH3RF2
,MAGEB17,ARMC6,ZRSR2,SLC41A1
,KIAA0391,CCT8,PEX12,TMC6
,RSPH3,CLPP,ALG8,GCSH
,MAST2,RAD52,ATAD2B,ARL4A
,RUNDC1,ASPHD2,CCT8,ICAM1
,ATPAF1,CCDC106,DENND2C,PHC3
,EAPP,MRPL2,D2HGDH,MGAT2
,RAB14,FGFBP3,GLOD4,SLC35F6
,TRMT2B,SLC25A37,CARD14,POFUT2
,H2AFV,OSGEP,PSMD13,MRPL24
,LRP2,LGI3,SENP6,TCF25
,TMA7,UBE2O,TAF15,PARP4
,TBC1D3C,ZNRD1,BECN1,ACP2
,SWSAP1,ACD,RBM8A,TTC31
,CAPN13,PKMYT1,CYBB,EXOSC1
,ZNF3,MRPL39,RICTOR,UBR4
,IGFL2,SPAG7,ASCC1,RNFT1
,PTGER1,PIN1,UCHL5,ARSA
,PRMT3,FASTKD3,CTAGE15,COQ10B
,GLE1,DCT,GBF1,HEXA
,GPAA1,EEFSEC,NBPF11,KCTD15
,ASXL2,HIST2H3D,FIBP,SPDL1
,SDHAF2,RRP1,LUM,EPB41L1
,RNF103,TAL1,CYP2R1,CPNE1
,PPM1B,BRIX1,POLG2,TVP23B
,NR6A1,NDUFB11,VPS25,RPSA
,NLRP4,NAPA,MTCH2,CSRNP1
,TNFRSF13C,SLC38A9,CHD2,LRPAP1
,GGCT,NT5C3B,TBP,KANK2
,ADIPOR1,SNX32,SNRNP200,CCT4
,BCL10,RPL39,TMEM177,RPL7
,CNTF,PIGH,MTX2,REEP5
,ST6GALNAC1,GPI,TNIP2,BCL7C
,KRTAP5-3,AP4B1,PPP1CA,CD164
,SPTBN5,SOD1,USP35,RPS15
,RTP4,43891,API5,WT1
,AVPR1A,KARS,KDM3B,PTEN
,CD101,TTF2,TNPO3,NMT2
,SERPINI2,SERBP1,AAAS,NMRK1
,OVGP1,AP3B2,FAM8A1,HBEGF
,ZZZ3,CLPX,RHBG,B3GNT9
,ZNF449,ACTL8,NMT1,RPL12
,GDE1,FANCM,DCLRE1A,ARL8B
,POLD3,G2E3,METTL6,TRAF3
,NAGK,CHAF1A,ENSA,SLC35D1
,LSG1,CRYZL1,NF1,DDX60
,LRRC63,NOP56,TBC1D14,CORO1B
,MED13L,CTU1,SETD5,ABCD1
,SEC61B,WDR75,BLOC1S6,SBDS
,RAB40C,CD207,ATF1,PHLDB3
,LMBRD1,ASXL1,ELAVL1,CREG1
,ENG,UBR1,CPSF4L,POMP
,GMCL1,ZNF580,LTA4H,TMEM127
,SNRNP35,NCAPD2,OR13A1,DTX2
,SLC35A2,RPL27,SMNDC1,YIF1B
,FAM187A,SNX30,ORC2,CLK4
,IGFL1,INTS6,SRP54,GBA
,ZFP91,TCEAL4,SNX27,SNTB2
,IGSF22,NUDT1,LRRC47,AHCTF1
,TMEM189,RPS27L,NHLRC2,TK1
,TMEM89,NUP35,RFXANK,PRKAR2A
,MYO1G,COX5A,GLMN,SNX24
,ZNF367,GRWD1,CHCHD1,NBAS
,DOK7,SIRT6,SLC31A1,GMPPA
,KDR,KHSRP,ATG4B,KIAA1191
,PTMA,MIEF1,MRO,RPL14
,PTGIR,RPS23,TARS2,FRA10AC1
,TMEM230,NPL,PPP1CB,44081
,PRRC2B,CCT3,NDUFB4,CHD1
,EPN3,PPP2R5C,SYNCRIP,GABBR1
,TMED2,RAPGEF1,SMPD4,SCO1
,ANKDD1B,AIFM1,NUP160,BMS1
,LYG1,DUT,EIF5AL1,PSMD6
,FBXW2,RPLP0,ARCN1,ELF1
,TIMM10B,GPR179,TRMT2A,IRS1
,TMEM179B,ZBTB18,SLC11A2,YME1L1
,CWC22,MCM10,TSEN15,TM2D2
,DDI2,METTL3,VPS11,TCF7
,TRAF6,PRPF8,ANKRD39,SNX14
,CCDC121,UIMC1,RAPGEF3,CCNH
,SRP54,RPL26,LIPT1,EIF3C
,RELA,SRD5A3,TMEM182,DPCD
,COLEC10,FNTB,BNIP2,BOLA3
,MRPS6,NOLC1,SEC24A,ADAMTS6
,IRF3,CLK3,PSMA1,LEO1
,PDE7B,ZFP64,LSM3,SNF8
,CENPB,BUB1B,PIGF,CFLAR
,SLC9A6,USP31,CPSF6,SNAPC5
,MYH7B,EIF5A,SF1,MRPL19
,TSG101,IREB2,PSMB3,PXK
,ITGB3BP,GNL3,CHMP4A,MAN1B1
,KLK10,RPS8,FBXL19,COMMD8
,SP140,TNPO1,FTH1,WDR11
,RRNAD1,ZDHHC8,EHMT2,SLC25A20
,PATL1,UBA5,RBM17,NTAN1
,MSMB,RPS15A,GGA3,CLPX
,RALGAPA1,RASL10A,ACTL8,EHD1
,SYVN1,COQ3,MED28,TADA3
,ZBTB43,RPAP2,YWHAE,OSCAR
,KLRK1,AP1M1,TMEM253,ITPKA
,FKBP15,DHRS4,ZCWPW2,WDR55
,CDC26,STARD9,TYW5,PSMC5
,IL16,AHSA1,DHX15,DNPEP
,C5AR2,MIS18A,DDX23,IFFO1
,KRTAP5-4,EHD1,RAB5A,YES1
,MCEE,MRPS11,MCEE,RPL26
,GRAPL,ASMTL,DIP2A,ADCY3
,FAR1,ITSN1,PPP2R1B,UBE4B
,CARD16,EIF2B4,MTMR14,ETF1
,ACAD10,ORC1,SLC30A6,CFH
,TAZ,PODXL2,PSMC6,HCCS
,EPHX3,GAPDH,AGAP5,HMX1
,MT1M,NAP1L1,ASXL1,RARS
,UPK3A,RPS28,PRPF38A,RPL32
,TMEM258,U2AF1,UBE3D,GNAI2
,CCDC17,RLIM,ZDHHC5,SKI
,VCPIP1,EPS15L1,DDX27,RPL5
,RNF31,ZNF276,CDC6,ABCF2
,GPR55,PPT2,TMEM33,NOMO3
,SEC62,SAMM50,ADO,SCRN1
,GPR35,TMEM251,CYP3A5,SEMA7A
,TBC1D15,TRERF1,RAP1A,AP3S1
,PLA2G12B,RPL37A,PSMB1,MYOM1
,UNC50,TMLHE,SRSF6,CDC42EP2
,ASB1,MFAP1,ACBD6,RPL31
,MS4A7,PTRH2,HADHA,TAF13
,DYDC1,MYBL2,RRP8,SRFBP1
,SLC22A16,DHRS4L2,TIMM8B,RPL11
,SFTPA1,NCAPH,EIF4E,RNF25
,LYRM1,SMYD4,PPP1R7,PCYT1A
,CYP4F2,RRP9,COL3A1,ELFN1
,EGR4,MRPS23,DDX47,ZBTB47
,FUT6,RNF114,AHCYL1,RMDN1
,SIDT1,WDR4,SCAP,SLK
,RNF220,FKBP3,ELMSAN1,PDHB
,CCR7,CCDC124,NCAPH,KCTD18
,TBC1D2,CLASP2,PSMD4,NRG4
,ANKRD23,RECK,MAP3K4,SLC25A37
,STK31,DDX31,HNRNPU,IARS2
,BPIFA1,BCS1L,NUP98,ARL13B
,ZSCAN20,UBE2T,NSF,TSC22D4
,CIITA,WDR59,IWS1,IFRD2
,HECTD1,ARHGDIA,MCM9,RPF2
,WFIKKN1,ILF3,RPS6KB2,EDC4
,PRDM1,RIOK1,WRNIP1,SRRM2
,RSRC2,HERC1,PGD,HS3ST3A1
,EIF2AK1,PDRG1,HNRNPD,GIPC1
,CARNS1,DDX20,ZNF330,CAPZA1
,RHBDL2,VPREB3,COLQ,MRPL32
,PLA2G10,SPAG9,FCN3,STX11
,CHD8,TCF3,LBR,BATF3
,GTF2B,STXBP5L,FNBP4,FAF2
,ITLN2,PA2G4,ARFGAP2,PRKAA1
,ADCY4,RSRC1,EHBP1,ARNT
,FXYD4,ZNF609,TCP1,TXNDC5
,SLC29A3,DLST,HELQ,BCL10
,PAGE4,POU6F1,DHX36,EXOSC10
,RNF133,SLC25A17,RP9,NR2F6
,SLC30A5,DCTN2,SNRPD3,FPGT
,RHEB,SNRNP70,NUP107,CDC42SE1
,TTC22,CDK17,SMIM13,UTP20
,ABCA13,PSMC4,GPATCH8,TMCO6
,COL9A1,DENND3,PTGES3,RNPEP
,LAMTOR5,HUWE1,RGS6,NEK10
,GPR152,UBL7,ZW10,ATR
,PATE2,DBN1,TRMT13,WDR43
,CASP1,MED15,PNISR,PFDN1
,ALLC,PNN,SFPQ,RRP12
,FLT1,U2SURP,CEBPZ,TACC1
,MRPL49,CCIN,LSM12,HSPA9
,ZCWPW2,ELAC2,SLC9A8,BTN2A1
,RAX,NF2,CS,INO80B
,ITLN1,FCF1,CUL3,TST
,F2RL3,COX4I1,TNN,LSM10
,RAD54L,NCKAP5L,PRKAA1,UPF2
,F5,LONP1,RAN,ARMC4
,LGALS9C,GLUD1,CLP1,MFAP5
,TEKT3,WNT10A,SRRM1,ENO1
,PIWIL1,ZNF462,ZNF394,USP19
,TLR1,WDR83,FAM91A1,C1QTNF6
,RIMBP3C,RPS6KA5,GMCL1,TBL3
,FAM181A,MCTS1,OCIAD1,MND1
,CST4,OTUD5,AFP,TRIP12
,FER1L6,COX10,NELFA,RPS24
,OMP,TNFRSF13C,IL1R2,TPK1
,SORCS1,ACTR3B,DIP2B,VPS26A
,CRISP2,PEX5,RC3H1,UAP1
,GPR148,OLA1,UBL4A,PLK4
,CNGB3,ISCA2,HNRNPM,PDXK
,SPACA4,CSE1L,SRRD,ADAP2
,HSD17B3,MAX,ZNF507,HDAC10
,INMT,VIPAS39,CLTC,RHOQ
,PCK1,PHF5A,LARP4,STAT1
,ASIC2,ERCC1,AAMP,GTPBP4
,GUCA1A,SEMA7A,MARK2,SLC35E4
,TEX12,LIN7B,ZNF638,ACHE
,LGALS9B,FAM156B,NIF3L1,ARPC4
,PKP1,GMFB,EIF2S1,NOP2
,NXPE2,UBE2G1,ABCD3,FBXO4
,IBSP,UROD,CTBP2,XRCC4
,SLC11A1,TRMT5,SNRNP27,CAPNS1
,GAL3ST2,PTPN4,ALKBH2,DFFA
,IL24,GAS1,MTPAP,ATXN1L
,ACSM1,CSNK2A3,ARID1A,PI3
,RNASE10,PRMT6,LAMTOR4,RTCA
,GP5,TCERG1,REEP4,MTX1
,HP,YLPM1,USP42,CHPF2
,HCRT,PHTF1,REN,GPN1
,KLK15,POLR2E,STAMBP,CD276
,PLA2G4E,GPR132,AMMECR1L,APEH
,SMIM6,PITPNB,STAU1,B4GALNT1
,P2RY14,SNRPD3,SSRP1,TNPO1
,IL36G,TXLNG,TBCE,OGG1
,C4BPB,BRF1,MMADHC,EGFL8
,SLC5A9,PRAF2,SRSF1,ATF6B
,PLEKHS1,EVI5L,DDX42,ZBTB4
,TMEM211,ATP6V0E2,REL,EN1
,EVX2,MC5R,MUC13,PSAP
,MS4A4E,OGFR,ASNSD1,TYW3
,SPATA12,GOLGA8K,SRP72,KIAA1671
,KLKB1,PDP2,DDX3X,EEF1A1
,ESR1,RAD51,DDB1,SLC24A1
,NLRP3,MRPL37,POLDIP2,OASL
,RCSD1,SURF2,SMARCC1,OGFOD1
,IGFALS,CACNA1F,SLC15A2,HES4
,MUC5AC,AURKB,MTDH,ST6GALNAC6
,ARL11,CHAF1B,SCN4A,DHX38
,GBP4,NEURL4,MRPL48,GLUD1
,TLR10,PPIL2,ITGB7,PTRH1
,TTLL8,NDUFB10,CSDE1,TMEM115
,SH2D1A,INO80,PREP,GLRX3
,ABCA6,USP5,MYO19,GMIP
,SLC5A4,DAGLB,ACSBG1,MAP7D1
,B4GALNT2,HAUS4,PCBP2,TANGO6
,BPIFB1,ZNF774,SPINK1,NFE2L1
,ACSM5,ACACA,HIC2,PIGB
,HIST1H1A,PAM16,ZNF512B,GRHPR
,SERPINA11,FXYD7,HGD,SLC23A3
,CLLU1OS,CTU2,EIF6,TNFRSF10C
,TNFSF8,SGCA,PDCL2,CYS1
,LINGO4,NHP2,ILF2,BCCIP
,C4BPA,ST7L,NUP153,RHOA
,TMEM71,CEP152,ZBTB48,UNKL
,GGT2,POLDIP2,TMEM139,TRABD2A
,GJB4,CD4,DHX9,PSMD11
,PRODH2,AAAS,KMT2D,IK
,OR51F2,INVS,SASS6,DCBLD1
,HHLA1,WDR70,BTBD1,ARHGEF1
,MRGPRX3,ARMC8,TRPV6,RAET1G
,CPA3,TIMM17A,ADTRP,CANX
,MS4A6A,STAM,PIRT,AP5Z1
,MUC2,DDX56,SRSF7,JAK2
,MAB21L2,MCHR1,ADAP2,MALSU1
,,ZNF574,TRMT10C,DHX16
,,CLCC1,GTF3C2,DPP8
,,TAB1,UBR5,INPP5A
,,NOP10,SH3TC2,FMNL3
,,AKAP8L,POLM,IL15
,,MARK4,UBE4A,ZNF354A
,,RAD51B,TRPC4AP,HADHB
,,MYOD1,BCL2L14,ABCB8
,,CPSF2,FAM133B,SLC25A30
,,FLG,MASP1,PPP2CA
,,NUP93,KLHL31,COA6
,,CMTR1,GJB6,SLC25A15
,,NLE1,KIAA0100,RPS10
,,CCDC138,RNF121,RCC1
,,POLR2F,TRA2A,DYSF
,,TTBK2,PTCD3,DCUN1D5
,,EIF3K,WDPCP,SLC2A4RG
,,ASPSCR1,RAB10,ANKRD28
,,ERAL1,MEN1,DKKL1
,,CCNB2,DSC3,MYO5A
,,RPF1,WDHD1,TMEM109
,,HBM,TMEM92,PWP1
,,CIZ1,BIRC6,GPATCH4
,,PPP2R3C,KRBA1,ASCC1
,,POLD1,HMCN1,SSR1
,,AP1B1,RASGRF2,TMEM138
,,NOL10,ZFR,EIF4H
,,GK2,CLDN19,IGDCC4
,,FLYWCH1,SUMO3,RFT1
,,TTLL7,SF3B1,CENPN
,,PREP,GPR141,RBM43
,,KIF18B,CWC15,PSMB10
,,TOMM22,ANKRD22,MKLN1
,,SLC5A10,EWSR1,ACAD11
,,TMEM69,OTUB1,ARPC2
,,ATP6V0A1,SEC13,EVI5
,,USP10,PGM3,PDIA6
,,SNRPA1,NRBF2,ACOX3
,,SDHAF1,ZSWIM1,MAP4K2
,,SMC6,UBXN2A,ARSB
,,PRPF38B,SLC16A5,HEATR1
,,DRG1,PTMA,DDX27
,,GTPBP8,NBR1,CYTH3
,,BRD9,MORC2,ADCY6
,,PSMA6,HSP90B1,ADAM10
,,EIF2B5,IMPG1,DST
,,RHOV,AGAP9,BET1
,,WDR20,CATSPERB,CSNK1A1
,,SH3GL1,PRPF40A,KTN1
,,SNTA1,POTEE,PSMD14
,,LRRC40,CNTD1,THG1L
,,SMARCA4,GTF2B,FKBP15
,,GNAI3,ZNF2,HHEX
,,SYDE1,PCK1,EIF2AK2
,,XRCC2,EDN1,HARS2
,,RAVER2,FLT3,SEC22C
,,ZNF18,ITCH,PFN4
,,EPN1,MAEA,ST13
,,DNMT1,CUL1,BTD
,,RAE1,EMILIN1,ATG9A
,,KPNB1,CD53,CHD1L
,,POLE2,CNGB3,PDE8A
,,MRPS24,PRSS35,PLEKHG2
,,FBXO7,MRPL3,MTO1
,,TCHH,MORC1,CPAMD8
,,MAP2K2,CTCFL,PML
,,PRMT7,HNRNPC,RNF145
,,IDH3G,OCLM,HPS1
,,NEK9,TMPRSS5,CDK11A
,,HEATR6,RFPL1,TXN
,,CDC45,SPOCD1,XYLB
,,PIN4,TBC1D31,NCLN
,,CUL1,SRSF2,RPS27L
,,RNASEH1,RNF223,UBC
,,SLC23A2,CR2,MRPS24
,,IFT43,CHRNA10,NME6
,,ERH,UBE2O,TGOLN2
,,SCAF4,NME8,ANKRD52
,,DDX55,TSPAN32,NDUFB8
,,RRAD,SEC31A,NBEAL1
,,KCNJ9,MRPL38,ABCC10
,,BLK,SCGB3A2,PHOSPHO1
,,LRRC29,ZNF335,MRPS9
,,VPS36,GUCY2D,TBL2
,,TCEAL7,SRRT,TMA16
,,ARHGAP15,PLEKHN1,CLINT1
,,SGSM2,MTNR1A,ATP6V1E2
,,PFKL,CLEC7A,RPL23
,,CNBP,CD160,SLC38A10
,,STX6,MAB21L3,PRDM11
,,WARS2,RBM46,FKBP8
,,PSMA4,TFIP11,COPS2
,,GPS1,B4GALNT2,ARL6IP5
,,UCKL1,CUBN,PKN2
,,TPX2,CTAGE9,SLTM
,,NOL9,DBF4B,GYS1
,,PRMT1,DENR,MST1
,,MLIP,TAS2R5,MC1R
,,SNRPB,MED24,UQCRC1
,,HES7,SCTR,TMEM139
,,MMACHC,ALOXE3,SPPL2A
,,DNAJC11,TRIM15,ZMYND11
,,CHD8,CHAD,GLG1
,,XRCC6,RSPH10B2,CWC27
,,NEDD8,CSF3R,GTF2H2
,,RPL10A,KRT16,SLC30A3
,,MTMR12,RSPH10B,SPRED2
,,BAG5,F10,ARFGAP1
,,ERCC2,TAS2R38,SEC24A
,,GGA2,APOBEC1,GPR108
,,MRPL3,OR2T8,ATOX1
,,SLC45A1,CYP3A7,TRIM34
,,FAM156A,PTPN7,OCEL1
,,NDUFV1,HSD17B3,IBTK
,,LGALS7,AXDND1,UNC45A
,,SIN3B,FAM177B,ADAM17
,,HIST2H2AB,ASB12,ATG7
,,GPATCH2L,SPN,TRIM41
,,SOX15,CD19,CCNDBP1
,,ZFR,PIK3C2G,OXSM
,,WDFY2,IL18,DIAPH1
,,CDC42BPB,TAS2R4,TPGS1
,,MED16,SMYD1,LRRFIP2
,,NCL,GNAT3,DNASE2
,,FOXK1,ITIH5,CARD16
,,NAA10,APOBEC4,CAMSAP2
,,PTCH2,TAS1R1,ZNF267
,,ADAMTS5,CDA,MAP3K11
,,ABL2,INMT,FAM53A
,,CACNA1I,IGSF23,ZNF354B
,,COX11,NRK,PPWD1
,,ADCK1,LPAR4,ATL2
,,ZBTB11,AIF1,VAT1
,,GPKOW,PDC,PSMB6
,,ULK3,CD86,RTN4
,,MRGPRE,CALR3,GEMIN5
,,CLCN6,PLEKHS1,CTTN
,,UQCRFS1,C1QTNF5,RPL3
,,ZNF280D,MARCO,TPD52L2
,,HNRNPA1,CORIN,PDIA3
,,ZMAT5,TMEM252,NDUFA4
,,DAZAP1,CLDN14,POTEE
,,MATN1,C9,PRDX3
,,RBM10,MSTN,IFT88
,,HARS,OR2T33,SFR1
,,TMEM201,LMAN1L,NUDT18
,,SIMC1,PLEKHG7,NPTN
,,FADS6,KIAA1210,GSS
,,UTP18,GLRA2,RAP2C
,,NONO,HPSE2,PIP5K1A
,,RNF8,HKDC1,TIAL1
,,MYOG,DSG1,NSMAF
,,MORC2,AADACL2,HMGXB3
,,TIPIN,SLC39A2,SWI5
,,NASP,LRIT3,MASTL
,,TDP1,P2RY10,GORASP1
,,C1QL2,CNTN6,UROD
,,PTCD3,AGTR1,FAT4
,,DENND2C,ANXA8,LDB1
,,RCOR1,ANKRD30B,RNF130
,,PIWIL2,BNC1,KANK3
,,ZNF326,GCKR,RIPK1
,,ZNF546,FGD5,TUBGCP2
,,SSRP1,GJA3,ZC3HC1
,,MRO,ACY3,ALDH18A1
,,TTLL2,VGLL2,PORCN
,,SBF1,UBASH3A,IL10RB
,,IGF1,ANKS4B,VAMP7
,,MRI1,ORM1,ARHGDIB
,,DDB1,ADH1B,CCDC71
,,COPE,MMRN1,ITSN1
,,TUBB,TULP1,DALRD3
,,DUS3L,HEPH,MAP2K3
,,UBQLN4,AKR1C4,NFU1
,,PSMD8,CD163,GATA3
,,THAP11,TNFRSF4,DHX37
,,AHCYL1,KCNS1,POMGNT1
,,CSDE1,A1CF,PGGT1B
,,ZNF142,EVI2A,CCT7
,,POLDIP3,KRT2,GNS
,,TERF2,CSH2,STAT3
,,RBM33,ITGA8,NDUFS2
,,IZUMO1,PLA1A,TIMM23B
,,NOX5,KLHL30,FOXJ2
,,GPR20,LDB2,HSF2BP
,,CNIH4,GABRA4,PRICKLE4
,,PRPF19,TRIM10,MOB1A
,,AQP6,ASPA,LRRC23
,,NDUFS6,SHROOM4,CDC23
,,HNRNPC,MRGPRF,MBOAT7
,,EMILIN1,IGLL5,ERCC2
,,MPV17,FPR2,NAP1L1
,,DAD1,BIN2,CHP1
,,BTBD2,HAS1,AMDHD2
,,GALNT15,CCDC168,MRPS22
,,SRSF11,CASQ2,SDHB
,,ZSWIM1,LGALS2,TDO2
,,GGT5,NUGGC,MRPL40
,,TREX2,CLEC17A,MCM10
,,FCN2,LILRB1,TMEM42
,,OLFML3,DMRTB1,TCOF1
,,PRLHR,GDF7,ATXN7
,,KLF1,HLA-DQB2,LAMP2
,,CDC20B,APOB,EBNA1BP2
,,SNAP29,KRT34,COMMD4
,,OR1F1,FPR1,YIPF5
,,TACR2,PRG4,GATA2
,,LSM4,HTR1F,AVEN
,,COX16,IL23R,FTCDNL1
,,ACTC1,C8A,CLN5
,,SLC24A4,LY9,ASMTL
,,STAR,CD3E,RPP38
,,PHYHD1,NR1H4,AZI2
,,GPR61,CLRN3,CREM
,,HAPLN2,CCR1,TICRR
,,CES5A,ADH1A,RNF149
,,NACA2,OR10Q1,HYAL3
,,P2RX1,IL36RN,SSPN
,,SLC5A8,,INTU
,,SYNDIG1L,,PIGK
,,SAFB,,BMPR1A
,,PABPN1L,,DSTYK
,,ACIN1,,TM6SF2
,,NAA11,,ZDHHC16
,,RGR,,RHOG
,,TBX4,,SCAMP3
,,SFTPC,,PDF
,,RBMX,,TXNDC17
,,SMIM5,,TYK2
,,ADRA1A,,RNF216
,,GPR142,,SLC1A3
,,GNAT2,,DENND5A
,,MLNR,,TAMM41
,,NTN5,,PCGF6
,,SUGP1,,ABL2
,,NKX2-8,,LDHD
,,LPAR5,,LGMN
,,SLC6A1,,NUP37
,,GLP2R,,AUP1
,,RHCG,,STARD8
,,TMEM88B,,EIF4E2
,,GBX1,,SNX6
,,AQP12B,,POLR2M
,,RFPL1,,NACA
,,FAM186B,,PI4KB
,,NOD2,,GPR135
,,SFRP4,,SUOX
,,AGBL1,,PURA
,,UGT3A1,,CA2
,,ANKRD63,,PPID
,,FAM106A,,SRA1
,,ADAMTS4,,TMEM168
,,IL12RB1,,ILK
,,GRIN2A,,AAK1
,,STH,,GALT
,,HK3,,WDR18
,,TESPA1,,ACBD5
,,TTC16,,RAB1A
,,MYADML2,,MKI67
,,DNAJB7,,NSA2
,,COL15A1,,RBM42
,,PGA5,,FLOT1
,,VSX2,,SLC4A1AP
,,CPO,,TRPM7
,,HRNR,,NMNAT1
,,KRT2,,MYO9A
,,CREB3L3,,CSTB
,,TAGAP,,DPP9
,,SERPINA10,,CCDC12
,,FOXN1,,MAPKBP1
,,TSPY2,,LCN2
,,BHLHE23,,CLIC3
,,ANKRD2,,STX10
,,HTR1E,,KCTD7
,,SEL1L2,,MOGS
,,VWC2,,ARHGAP12
,,ACTL7B,,MSTO1
,,SCN2B,,HLA-DOB
,,ASPG,,VPS13D
,,ACAN,,SLC25A35
,,PRDM7,,ZNF563
,,GRIN2B,,OGFR
,,TMEM235,,ANKAR
,,KRT33B,,COMMD1
,,SPATA31E1,,GOLGA1
,,ANKRD30B,,MGAT4B
,,ANKRD34C,,MYO1F
,,DMRTB1,,CALCOCO2
,,LRRC52,,SNRPG
,,LRRC38,,CC2D1B
,,EVI2B,,SOWAHC
,,G6PC2,,DERL2
,,ZNF469,,FAHD2A
,,FGF23,,CHCHD4
,,MAS1,,SCAMP2
,,ASPN,,REP15
,,KRT72,,SAT2
,,APLNR,,ABCF3
,,LCE5A,,NELFCD
,,CD84,,WHAMM
,,TINAG,,CSGALNACT1
,,LACTBL1,,RPL27
,,SLAMF6,,RFXANK
,,MYH8,,MOB1B
,,HMHB1,,PTPN9
,,KCNG4,,WDR92
,,SPZ1,,QRICH1
,,HSD11B1,,OXA1L
,,BANF2,,DUSP11
,,CIDEA,,DHODH
,,,,ARID5A
,,,,ZBTB2
,,,,EIF2S2
,,,,PDK2
,,,,PRKD2
,,,,TXNDC9
,,,,CTBP2
,,,,HDAC3
,,,,ELMOD3
,,,,HLA-DRB1
,,,,CDC20
,,,,PUS1
,,,,MAPK6
,,,,HPS6
,,,,TRIM45
,,,,SLC39A7
,,,,ZBTB7A
,,,,TRAM1
,,,,PRR11
,,,,HSPA4
,,,,PITRM1
,,,,DLC1
,,,,SRP19
,,,,LRSAM1
,,,,KCMF1
,,,,ZWILCH
,,,,METTL6
,,,,MECR
,,,,BUB3
,,,,STXBP3
,,,,PMS2
,,,,FAM151B
,,,,EIF4G1
,,,,MAD1L1
,,,,STT3A
,,,,HMCN1
,,,,UFSP2
,,,,ZDHHC3
,,,,ITGB1BP1
,,,,NRBP2
,,,,SLC9A1
,,,,ADAT2
,,,,RNF26
,,,,FKBP5
,,,,ERMARD
,,,,TMED1
,,,,RAB27A
,,,,TRIM25
,,,,PGLS
,,,,SLC30A7
,,,,ATAD3A
,,,,IFI44L
,,,,MAPK9
,,,,MRPL43
,,,,CNIH4
,,,,HSP90AB1
,,,,HMMR
,,,,PSMD1
,,,,RAB8A
,,,,FBXO44
,,,,RAD51B
,,,,DCTD
,,,,EIF2S3
,,,,PSCA
,,,,LRRC37A3
,,,,NAT10
,,,,HIF1AN
,,,,PTRH2
,,,,CSTA
,,,,GPR137
,,,,GTF2H2C
,,,,PSMB4
,,,,NUP93
,,,,RIC8A
,,,,SLC25A3
,,,,BABAM1
,,,,MAGT1
,,,,HMG20A
,,,,LTV1
,,,,NUP88
,,,,ATRAID
,,,,AURKA
,,,,RELA
,,,,UQCRFS1
,,,,CLTC
,,,,PLCD4
,,,,RPS23
,,,,LENG8
,,,,EXOC6B
,,,,ZDHHC8
,,,,CSAD
,,,,FBXL17
,,,,URB1
,,,,RAD50
,,,,CREB3L2
,,,,ENTPD7
,,,,CARM1
,,,,SMNDC1
,,,,CTNNB1
,,,,PDCD5
,,,,GOLGA2
,,,,TRIM8
,,,,B3GALNT2
,,,,TBX2
,,,,M6PR
,,,,ZC3HAV1
,,,,ARHGAP11A
,,,,GLI3
,,,,ATP6V1C1
,,,,STX16
,,,,RTN4IP1
,,,,CCHCR1
,,,,EIF4A1
,,,,CMTM1
,,,,DNAJC25
,,,,CCNB2
,,,,CASC4
,,,,SSB
,,,,FAM53C
,,,,SMTN
,,,,GSTCD
,,,,PLEKHB2
,,,,SLC38A7
,,,,ZBTB17
,,,,USP40
,,,,ALDH4A1
,,,,GOLGA4
,,,,DNAJB4
,,,,KLRK1
,,,,DDX47
,,,,PTCD1
,,,,PRRC1
,,,,IL13RA2
,,,,SS18
,,,,SNAPC2
,,,,TSPAN17
,,,,PSMA7
,,,,TXNDC15
,,,,PGM1
,,,,HARS
,,,,ZNF341
,,,,RPL22
,,,,GAK
,,,,TRDMT1
,,,,FNDC1
,,,,NACC1
,,,,TP53BP1
,,,,OSBPL9
,,,,IARS
,,,,EIF2B4
,,,,AGFG1
,,,,GADD45GIP1
,,,,CSK
,,,,RBM22
,,,,TAF12
,,,,PDCL3
,,,,BTBD1
,,,,FAM83D
,,,,BLOC1S3
,,,,CRTC2
,,,,DYNLL1
,,,,ANO10
,,,,AP2B1
,,,,PPP6R2
,,,,CAPN15
,,,,ALKBH8
,,,,ERCC1
,,,,KCTD9
,,,,TPRKB
,,,,RBM5
,,,,PSMD4
,,,,HSPA5
,,,,PHB
,,,,SLC26A1
,,,,STARD5
,,,,SFXN1
,,,,PSME2
,,,,RUSC2
,,,,GLT8D1
,,,,CCL5
,,,,TM9SF4
,,,,WBP4
,,,,GRPEL1
,,,,ANKRD16
,,,,FLYWCH1
,,,,PRKCSH
,,,,COG7
,,,,NANS
,,,,NECAP2
,,,,ZFC3H1
,,,,ZCCHC10
,,,,ODF2
,,,,P4HB
,,,,DAP3
,,,,RPS12
,,,,NKTR
,,,,NBPF20
,,,,POFUT1
,,,,COX20
,,,,GCNT4
,,,,HIST1H3H
,,,,ZNF771
,,,,SPTAN1
,,,,HS1BP3
,,,,PMM2
,,,,ATP1B3
,,,,BCKDK
,,,,LRRC28
,,,,TIGD6
,,,,ZNF365
,,,,USB1
,,,,NUDCD2
,,,,LAPTM4A
,,,,SNX2
,,,,HADHA
,,,,TAX1BP1
,,,,SYPL2
,,,,ZNF438
,,,,PSMA1
,,,,GANC
,,,,AP2M1
,,,,AKT1S1
,,,,TATDN1
,,,,MSRB2
,,,,BECN1
,,,,CCDC18
,,,,NUDT6
,,,,CAPZB
,,,,PRRC2A
,,,,SVEP1
,,,,APP
,,,,DDX56
,,,,LARS
,,,,PSMA2
,,,,ZC3HAV1L
,,,,TWISTNB
,,,,WDR26
,,,,ITSN2
,,,,ESYT1
,,,,TAF8
,,,,SSBP1
,,,,TFG
,,,,TRNT1
,,,,LYPLA2
,,,,ODF3B
,,,,MTOR
,,,,TAF9
,,,,CRYZL1
,,,,COX19
,,,,THUMPD3
,,,,ATG2A
,,,,KIF5B
,,,,PARK7
,,,,NOC3L
,,,,TARS
,,,,BBS12
,,,,UIMC1
,,,,SLC9A8
,,,,PSPH
,,,,RDX
,,,,NT5C2
,,,,GGCX
,,,,EIF3I
,,,,TFPI
,,,,PDGFRB
,,,,BZW1
,,,,FDXACB1
,,,,BRAT1
,,,,MED15
,,,,CTSK
,,,,POC1A
,,,,UTP3
,,,,SRGAP2
,,,,PKM
,,,,MVB12A
,,,,TMEM160
,,,,GUCD1
,,,,CCT5
,,,,EIF3G
,,,,MOCS3
,,,,VPS33B
,,,,PCGF1
,,,,TSC1
,,,,SLC9A5
,,,,TSSK4
,,,,WDR4
,,,,ZFYVE16
,,,,MESP2
,,,,DMBX1
,,,,EIF4G3
,,,,TMED7
,,,,ZNF789
,,,,MAP2K5
,,,,MMP3
,,,,SAA1
,,,,WDR73
,,,,ING2
,,,,ECD
,,,,TMEM92
,,,,GPAM
,,,,KIF20B
,,,,CUTC
,,,,GPX4
,,,,ARHGAP11B
,,,,YJEFN3
,,,,HRCT1
,,,,STAM2
,,,,MYH3
,,,,TMEM87A
,,,,PLXNB2
,,,,DBN1
,,,,MFN2
,,,,PLEKHM2
,,,,FGFR1OP2
,,,,SMC6
,,,,MYL6
,,,,SEC24B
,,,,CSGALNACT2
,,,,TPT1
,,,,MANF
,,,,PEX14
,,,,FAP
,,,,KIF15
,,,,RAC1
,,,,CLPTM1
,,,,DHX30
,,,,AP4E1
,,,,FCN3
,,,,CEBPA
,,,,CACUL1
,,,,DNAJC8
,,,,MRPL16
,,,,TFB2M
,,,,CLEC2B
,,,,GMPPB
,,,,CYGB
,,,,EIF5B
,,,,RINT1
,,,,KDM3B
,,,,DCAF8
,,,,VDAC2
,,,,STUB1
,,,,BRD8
,,,,TPST2
,,,,TANGO2
,,,,PSMD9
,,,,AREG
,,,,FCRLB
,,,,PUS10
,,,,LLPH
,,,,POLR1E
,,,,EIF4E
,,,,RRP15
,,,,EIF5AL1
,,,,GRIN3B
,,,,MYO9B
,,,,RAB5C
,,,,CCDC92
,,,,ZDHHC7
,,,,UBE2V1
,,,,ATXN2
,,,,HLA-DRA
,,,,TPR
,,,,ZNF575
,,,,SNX13
,,,,MCM3AP
,,,,MTHFS
,,,,NR1H2
,,,,NT5DC1
,,,,TBK1
,,,,STK36
,,,,VPS18
,,,,GNL3
,,,,PPP4C
,,,,ORC5
,,,,MRPL27
,,,,CHIC1
,,,,RAB23
,,,,THOC7
,,,,WNT2B
,,,,CDC37
,,,,TTC7A
,,,,NSRP1
,,,,UBP1
,,,,LSM5
,,,,RPS6KB1
,,,,CACNG8
,,,,ASXL1
,,,,MRPL53
,,,,MTG1
,,,,MIIP
,,,,RBL1
,,,,INTS3
,,,,MTFMT
,,,,SAP30BP
,,,,CDC42BPB
,,,,CDK11B
,,,,INO80
,,,,CCNL2
,,,,PRDX5
,,,,DNAJC11
,,,,TNPO3
,,,,USP4
,,,,POLR2A
,,,,VANGL1
,,,,POP4
,,,,METAP2
,,,,RNF4
,,,,ZCWPW2
,,,,CDCA3
,,,,MFAP1
,,,,DDX21
,,,,PRDM6
,,,,IL20RB
,,,,NRBF2
,,,,ISCU
,,,,ADAMTSL3
,,,,ATG16L1
,,,,HERPUD2
,,,,SYT12
,,,,GHITM
,,,,IL7
,,,,CIC
,,,,CDC25C
,,,,BICD2
,,,,TLR3
,,,,ENY2
,,,,RNF111
,,,,SRGN
,,,,STX7
,,,,DNAH10
,,,,DOCK7
,,,,PNISR
,,,,METTL1
,,,,SAMD8
,,,,STARD3
,,,,GGA3
,,,,ANXA8
,,,,CCDC142
,,,,RPN2
,,,,KLHL20
,,,,MLF2
,,,,BUB1B
,,,,CFB
,,,,CSPP1
,,,,FKTN
,,,,CENPO
,,,,CRTC3
,,,,PIGG
,,,,MMADHC
,,,,C1D
,,,,UBE2L3
,,,,TMEM63B
,,,,HEXIM2
,,,,UPK3B
,,,,SMARCAL1
,,,,PEX10
,,,,ADAM8
,,,,ZGPAT
,,,,NDUFAF7
,,,,POSTN
,,,,C5AR1
,,,,PTPN23
,,,,SEC16A
,,,,RAB40A
,,,,LETM1
,,,,FBXL18
,,,,MED7
,,,,DIO2
,,,,TACC3
,,,,CHSY3
,,,,ANKRD13C
,,,,CDC26
,,,,TRMT112
,,,,OIP5
,,,,PRKDC
,,,,D2HGDH
,,,,ARF4
,,,,TELO2
,,,,GDPGP1
,,,,NPLOC4
,,,,DBF4B
,,,,TBC1D5
,,,,IL18
,,,,UQCRB
,,,,IWS1
,,,,SOD1
,,,,CFL1
,,,,DHDDS
,,,,WDR77
,,,,ITCH
,,,,AFF4
,,,,CCNA2
,,,,COPB1
,,,,USP34
,,,,MFF
,,,,TNXB
,,,,TCERG1
,,,,ZNF628
,,,,FNIP1
,,,,TXNDC12
,,,,TOR1B
,,,,JOSD1
,,,,RAB10
,,,,CEP164
,,,,NCKAP1
,,,,POLQ
,,,,SUFU
,,,,TMEM219
,,,,DNAJB14
,,,,ZNF579
,,,,ATG12
,,,,GOLGA6L4
,,,,DAGLB
,,,,ACIN1
,,,,ENTPD5
,,,,UBR2
,,,,CAPZA2
,,,,DDX20
,,,,TRAIP
,,,,PICALM
,,,,CSNK1D
,,,,RPP14
,,,,UBA3
,,,,DAPK3
,,,,NDUFA12
,,,,FXYD1
,,,,MCIDAS
,,,,DPM1
,,,,CLTA
,,,,SSH1
,,,,MMP25
,,,,SYT15
,,,,GJD3
,,,,PTPRCAP
,,,,ZFYVE26
,,,,NR4A3
,,,,PODNL1
,,,,ZNF621
,,,,BLOC1S2
,,,,ZNF839
,,,,KCTD21
,,,,EMC3
,,,,ITGB2
,,,,RNF123
,,,,TECPR2
,,,,FBXO24
,,,,LRRC39
,,,,HSP90B1
,,,,LTB4R2
,,,,CCDC66
,,,,ZNF169
,,,,PLA2G4B
,,,,SPG21
,,,,AQR
,,,,GCC1
,,,,TULP3
,,,,ADD1
,,,,SLC35A4
,,,,ZCRB1
,,,,TUBD1
,,,,PMM1
,,,,CALML6
,,,,CERS2
,,,,MAPKAP1
,,,,HTT
,,,,MAEA
,,,,ESPL1
,,,,UBE2G1
,,,,ARPC3
,,,,BUB1
,,,,DCUN1D4
,,,,TMPPE
,,,,MFSD8
,,,,NPFF
,,,,CP
,,,,VCP
,,,,ATRIP
,,,,LARS2
,,,,PSMD13
,,,,SLC16A5
,,,,AIDA
,,,,GTF2E2
,,,,TUBG2
,,,,GPKOW
,,,,LTA4H
,,,,TMEM14C
,,,,MYPN
,,,,PRPF38B
,,,,SAMD9L
,,,,OAS2
,,,,PTPRQ
,,,,R3HCC1L
,,,,VPS13B
,,,,UBE2J1
,,,,G3BP1
,,,,DUSP12
,,,,AKAP8
,,,,KYNU
,,,,DDX54
,,,,BAG6
,,,,OLR1
,,,,ELL
,,,,CASP10
,,,,ZBTB32
,,,,SPTLC1
,,,,CCZ1
,,,,SPCS1
,,,,ZNF335
,,,,STRN
,,,,SHBG
,,,,AMIGO3
,,,,CSF2RA
,,,,KLK8
,,,,SKP1
,,,,SETX
,,,,PRKRIP1
,,,,UGP2
,,,,JPH2
,,,,ALPK2
,,,,IVD
,,,,SRRT
,,,,ANPEP
,,,,DHX57
,,,,SMU1
,,,,TMEM52B
,,,,TRIM22
,,,,CSDE1
,,,,SUGP1
,,,,EBLN2
,,,,RASSF9
,,,,FAM9C
,,,,BIRC6
,,,,HELQ
,,,,MMP28
,,,,GCG
,,,,KRT14
,,,,HNRNPM
,,,,FCER1G
,,,,PSG4
,,,,ALOXE3
,,,,ANKRD61
,,,,IL6
,,,,TMEM131
,,,,SAA2
,,,,LTB
,,,,TRMT44
,,,,PDAP1
,,,,GSG1
,,,,SOCS5
,,,,MMP1
,,,,GNAT2
,,,,CCL26
,,,,SNX1
,,,,BNC1
,,,,SBSN
,,,,MSLN
,,,,FGF22
,,,,VEGFC
,,,,ZNF843
,,,,IFNE
,,,,CYP4F11
,,,,GPR87
,,,,ADRB2
,,,,MMP7
,,,,SIGLEC10
,,,,LHB
,,,,CXCL10
,,,,CT45A2
,,,,SPDYA
,,,,SERPINB7
,,,,TMPRSS9
,,,,ANXA8L1
,,,,RFTN2
,,,,CTCFL
,,,,SYNPO2
,,,,KRT4
,,,,ART3
,,,,PADI3
,,,,SCARF1
,,,,AZU1
,,,,HSD17B3
,,,,TM4SF18
,,,,HRNR
,,,,ADRA1D
,,,,UCN2
,,,,CLDN16
,,,,NACA2
,,,,KCNA7
,,,,CCL20
,,,,KRT23
,,,,PADI1
,,,,GDF6
,,,,HLA-DRB5
,,,,CACNG6
,,,,XAF1
,,,,TRIML2
,,,,CPZ
,,,,FGG
,,,,BRINP3
,,,,CHI3L1
,,,,CACNG7
,,,,KLK5
,,,,PTPN7
,,,,COL5A3
,,,,FOXC2
,,,,SLC6A12
,,,,KLK7
,,,,HKDC1
,,,,INSL3
,,,,FGB
,,,,SAGE1
,,,,IGSF23
,,,,NKG7
,,,,PSORS1C2
,,,,PSG5
,,,,ABCD2
,,,,RSPO1
,,,,NR2E1
,,,,TRABD2B
,,,,CUBN
,,,,RSPO3
,,,,ABI3
,,,,EDNRA
,,,,VCAM1
,,,,TXNDC2
,,,,PSG9
,,,,LDLRAD2
,,,,IL1RN
,,,,PDCD1LG2
,,,,TEK
,,,,GSDMC
,,,,TMC1
,,,,NCCRP1
,,,,PKD1L1
,,,,EVI2A
,,,,PSG1
,,,,CYP4F22
,,,,NXF3
,,,,WNT3A
,,,,COL8A1
,,,,DPPA2
,,,,HPD
,,,,GIP
,,,,KRTAP2-3
,,,,MPP4
,,,,IL7R
,,,,FBXW10
,,,,F2RL2
,,,,ZNF469
,,,,ROBO4
,,,,CCDC42
,,,,C3AR1
,,,,SPANXA1
,,,,VGLL2
,,,,VSTM1
,,,,PLK5
,,,,ANKRD2
,,,,CH25H
,,,,ELANE
,,,,MMP19
,,,,TNFAIP6
,,,,BIN2
,,,,HIPK4
,,,,GPR17
,,,,B4GALNT2
,,,,ORM1
,,,,FGA
,,,,KCTD4
,,,,CCDC63
,,,,TM4SF4
,,,,SPINK6
,,,,TCTEX1D4
,,,,HAS2
,,,,EVI2B
,,,,SELE
,,,,ROS1
,,,,IL31RA
,,,,SEMG1
,,,,CLECL1
,,,,FDCSP